task_index,task_id,category,level,eval_type,ground_truth,query
1,svamp_chal_1,Subtraction,1,float_tol,\boxed{51},Each pack of dvds costs 76 dollars. If there is a discount of 25 dollars on each pack How much do you have to pay to buy each pack?  Solve this mathematical problem step-by-step. Put your final answer within \boxed{}.
2,svamp_chal_2,Subtraction,1,float_tol,\boxed{1},Dan had $ 3 left with him after he bought a candy bar. If he had $ 4 at the start How much did the candy bar cost?  Solve this mathematical problem step-by-step. Put your final answer within \boxed{}.
3,svamp_chal_3,Subtraction,1,float_tol,\boxed{17},Paco had 26 salty cookies and 17 sweet cookies. He ate 14 sweet cookies and 9 salty cookies. How many salty cookies did Paco have left?  Solve this mathematical problem step-by-step. Put your final answer within \boxed{}.
4,svamp_chal_4,Subtraction,1,float_tol,\boxed{22},43 children were riding on the bus. At the bus stop some children got off the bus. Then there were 21 children left on the bus. How many children got off the bus at the bus stop?  Solve this mathematical problem step-by-step. Put your final answer within \boxed{}.
5,svamp_chal_5,Subtraction,1,float_tol,\boxed{2},28 children were riding on the bus. At the bus stop 82 children got on the bus while some got off the bus. Then there were 30 children altogether on the bus. How many more children got on the bus than those that got off?  Solve this mathematical problem step-by-step. Put your final answer within \boxed{}.
6,svamp_chal_6,Subtraction,1,float_tol,\boxed{46},There were 3 dollars in Olivia's wallet. She collected 49 more dollars from an atm. After she visited a supermarket there were 49 dollars left. How much more money did she collect at the atm than she spent at the supermarket?  Solve this mathematical problem step-by-step. Put your final answer within \boxed{}.
7,svamp_chal_7,Subtraction,1,float_tol,\boxed{3},Jerry had some action figures on a shelf in his room. Later he added 7 more action figures to the shelf. If there are a total of 10 action figures on his shelf now How many action figures did he have initially on the shelf?  Solve this mathematical problem step-by-step. Put your final answer within \boxed{}.
8,svamp_chal_8,Subtraction,1,float_tol,\boxed{9},Paco had 41 cookies. He gave 9 cookies to his friend and ate 18 cookies. How many more cookies did he eat than those he gave to his friend?  Solve this mathematical problem step-by-step. Put your final answer within \boxed{}.
9,svamp_chal_9,Subtraction,1,float_tol,\boxed{4},Mary is baking a cake. The recipe calls for 3 cups of sugar 10 cups of flour and 15 cups of salt. She already put in 6 cups of flour. How many more cups of flour does she need to add?  Solve this mathematical problem step-by-step. Put your final answer within \boxed{}.
10,svamp_chal_10,Addition,1,float_tol,\boxed{21},A waiter had some customers. After 9 customers left he still had 12 customers. How many customers did he have at the start?  Solve this mathematical problem step-by-step. Put your final answer within \boxed{}.
11,svamp_chal_11,Subtraction,1,float_tol,\boxed{1},3 birds were sitting on the fence. 6 more storks and 2 more birds came to join them. How many more storks than birds are sitting on the fence?  Solve this mathematical problem step-by-step. Put your final answer within \boxed{}.
12,svamp_chal_12,Multiplication,1,float_tol,\boxed{143},They decided to hold the party in their backyard. If they have 11 sets of tables and each set has 13 chairs How many chairs do they have in the backyard?  Solve this mathematical problem step-by-step. Put your final answer within \boxed{}.
13,svamp_chal_13,Subtraction,1,float_tol,\boxed{926},In a school there are 458 more girls than boys. If there are 692 girls How many pupils are there in that school?  Solve this mathematical problem step-by-step. Put your final answer within \boxed{}.
14,svamp_chal_14,Multiplication,1,float_tol,\boxed{255},After resting they decided to go for a swim. The depth of the water is 15 times Dean's height. Dean is 4 feet taller than Ron. If Ron stands at 13 feet How deep was the water?  Solve this mathematical problem step-by-step. Put your final answer within \boxed{}.
15,svamp_chal_15,Addition,1,float_tol,\boxed{10},6 birds were sitting on the fence. 4 more birds and 8 more storks came to join them. How many birds are sitting on the fence?  Solve this mathematical problem step-by-step. Put your final answer within \boxed{}.
16,svamp_chal_16,Subtraction,1,float_tol,\boxed{16},Marco and his dad went strawberry picking. Together they collected strawberries that weighed 36 pounds. On the way back Marco ' dad lost 8 pounds of strawberries. Marco's strawberries now weighed 12 pounds. How much did his dad's strawberries weigh now?  Solve this mathematical problem step-by-step. Put your final answer within \boxed{}.
17,svamp_chal_17,Subtraction,1,float_tol,\boxed{469},In a school there are 697 girls and the rest are boys. If there are 228 more girls than boys How many boys are there in that school?  Solve this mathematical problem step-by-step. Put your final answer within \boxed{}.
18,svamp_chal_18,Addition,1,float_tol,\boxed{1414},In a school there are 732 girls and 761 boys. 682 more girls and 8 more boys joined the school. How many girls are there in the school now?  Solve this mathematical problem step-by-step. Put your final answer within \boxed{}.
19,svamp_chal_19,Subtraction,1,float_tol,\boxed{27},Danny collects bottle caps and wrappers. He found 22 bottle caps and 30 wrappers at the park. Now he has 17 bottle caps and 57 wrappers in his collection. How many wrappers did danny have at first?  Solve this mathematical problem step-by-step. Put your final answer within \boxed{}.
20,svamp_chal_20,Subtraction,1,float_tol,\boxed{66},Paul got a box of 457 erasers and 617 crayons for his birthday. At the end of the school year he only had 523 crayons left while not having lost a single eraser. How many more crayons than erasers did he have left?  Solve this mathematical problem step-by-step. Put your final answer within \boxed{}.
21,svamp_chal_21,Addition,1,float_tol,\boxed{186},Baker made 121 cakes. He sold 105 of them and bought 170 new cakes. How many cakes does baker still have?  Solve this mathematical problem step-by-step. Put your final answer within \boxed{}.
22,svamp_chal_22,Multiplication,1,float_tol,\boxed{20},An industrial machine worked for 5 minutes. It can make 4 shirts a minute. How many shirts did machine make?  Solve this mathematical problem step-by-step. Put your final answer within \boxed{}.
23,svamp_chal_23,Common-Division,1,float_tol,\boxed{10},The bananas in Philip's collection are organized into groups of size 18. If there are a total of 180 bananas in Philip's banana collection How many groups are there?  Solve this mathematical problem step-by-step. Put your final answer within \boxed{}.
24,svamp_chal_24,Subtraction,1,float_tol,\boxed{1},There were some birds sitting on the fence. 4 more birds came to join them. If there are a total of 5 birds on the fence now How many birds had been sitting on the fence at the start?  Solve this mathematical problem step-by-step. Put your final answer within \boxed{}.
25,svamp_chal_25,Subtraction,1,float_tol,\boxed{1},Jerry had 3 action figures on a shelf in his room. Later he added 4 more action figures to the shelf and removed some of the old ones. If there are 6 action figures on his shelf now How many action figures did he remove from the shelf?  Solve this mathematical problem step-by-step. Put your final answer within \boxed{}.
26,svamp_chal_26,Subtraction,1,float_tol,\boxed{60},Danny collects bottle caps and wrappers. He found 65 wrappers and 5 bottle caps at the park. Now he has 31 bottle caps and 9 wrappers in his collection. How many more wrappers than bottle caps did danny find at the park?  Solve this mathematical problem step-by-step. Put your final answer within \boxed{}.
27,svamp_chal_27,Addition,1,float_tol,\boxed{488},Because of the decision Sofia asked the students to suggest specific types of food from a total of 66 choices. If 450 students suggested adding mashed potatoes 38 suggested adding bacon to the menu and the rest did not participate How many students participated in the suggestion of new food items?  Solve this mathematical problem step-by-step. Put your final answer within \boxed{}.
28,svamp_chal_28,Common-Division,1,float_tol,\boxed{1},Matthew gave equal numbers of crackers and cakes to his 28 friends. If he had 13 crackers and 15 cakes initially How many crackers and cakes did each person eat?  Solve this mathematical problem step-by-step. Put your final answer within \boxed{}.
29,svamp_chal_29,Addition,1,float_tol,\boxed{89},"A grocery store had 49 bottles of regular soda, 40 bottles of diet soda and 6 bottles of lite soda. How many bottles of regular soda and diet soda did they have altogether?  Solve this mathematical problem step-by-step. Put your final answer within \boxed{}."
30,svamp_chal_30,Common-Division,1,float_tol,\boxed{2},"Dan has $ 3. He bought 2 candy bar for $ 4, each one costing the same amount of money. How much did each candy bar cost?  Solve this mathematical problem step-by-step. Put your final answer within \boxed{}."
31,svamp_chal_31,Subtraction,1,float_tol,\boxed{5},Tiffany was collecting cans for recycling. On monday she had 7 bags of cans. The next day she found 12 more bags worth of cans. How many more bags did she find on the next day than she had on monday?  Solve this mathematical problem step-by-step. Put your final answer within \boxed{}.
32,svamp_chal_32,Subtraction,1,float_tol,\boxed{2},There were 15 roses and 62 orchids in the vase. Jessica cut some more roses and orchids from her flower garden. There are now 17 roses and 96 orchids in the vase. How many roses did she cut?  Solve this mathematical problem step-by-step. Put your final answer within \boxed{}.
33,svamp_chal_33,Common-Division,1,float_tol,\boxed{1},There are some baskets of peaches. Each basket has 4 red peaches and 3 green peaches. If there are a total of 7 peaches in all baskets How many baskets of peaches are there?  Solve this mathematical problem step-by-step. Put your final answer within \boxed{}.
34,svamp_chal_34,Subtraction,1,float_tol,\boxed{63},There were 78 dollars in Olivia's wallet. She spent 15 dollars at a supermarket. How much money does she have left?  Solve this mathematical problem step-by-step. Put your final answer within \boxed{}.
35,svamp_chal_35,Subtraction,1,float_tol,\boxed{1},"Jack received 6 emails in the morning, 3 emails in the afternoon and some more in the evening. If he received a total of 10 emails in the day How many emails did Jack receive in the afternoon?  Solve this mathematical problem step-by-step. Put your final answer within \boxed{}."
36,svamp_chal_36,Addition,1,float_tol,\boxed{1},Dan has $ 4. He bought a candy bar for $ 8. Then his friend have him $ 5 How much money is left?  Solve this mathematical problem step-by-step. Put your final answer within \boxed{}.
37,svamp_chal_37,Addition,1,float_tol,\boxed{949},"After eating a hearty meal they went to see the Buckingham palace. There, Rachel learned that 703 visitors came to the Buckingham palace on the previous day. If there were 246 visitors on that day How many visited the Buckingham palace within 25 days?  Solve this mathematical problem step-by-step. Put your final answer within \boxed{}."
38,svamp_chal_38,Subtraction,1,float_tol,\boxed{2},For Gwen's birthday she received 5 dollars from her dad. Her mom gave her 7 more dollars. If she spent 4 dollars. How much more money did she receive from her mom than she did from her dad?  Solve this mathematical problem step-by-step. Put your final answer within \boxed{}.
39,svamp_chal_39,Common-Division,1,float_tol,\boxed{2},There are 142 bananas and 356 oranges in Philip's collection. If the bananas are organized into 47 groups and oranges are organized into 178 groups How big is each group of oranges?  Solve this mathematical problem step-by-step. Put your final answer within \boxed{}.
40,svamp_chal_40,Subtraction,1,float_tol,\boxed{3},There are 8 different books and 5 different movies in the ' crazy silly school ' series. If you read 19 of the movies and watched 16 of the books How many more movies than books have you read?  Solve this mathematical problem step-by-step. Put your final answer within \boxed{}.
41,svamp_chal_41,Subtraction,1,float_tol,\boxed{10},Mary is baking a cake. The recipe calls for 12 cups of flour and 5 cups of sugar. She already put in some cups of flour. If she still needs 2 more cups of flour How many cups of flour did she put in?  Solve this mathematical problem step-by-step. Put your final answer within \boxed{}.
42,svamp_chal_42,Subtraction,1,float_tol,\boxed{4},Danny collects bottle caps and wrappers. He found 46 wrappers and 50 bottle caps at the park. Now he has 21 bottle caps and 52 wrappers in his collection. How many more bottle caps than wrappers did danny find at the park?  Solve this mathematical problem step-by-step. Put your final answer within \boxed{}.
43,svamp_chal_43,Multiplication,1,float_tol,\boxed{8142},Luke played 177 rounds of a trivia game. If he gained 46 points in each round How many points did he score in the game?  Solve this mathematical problem step-by-step. Put your final answer within \boxed{}.
44,svamp_chal_44,Subtraction,1,float_tol,\boxed{1},3 birds and 4 storks were sitting on the fence. 2 more birds came to join them. How many more birds than storks are sitting on the fence?  Solve this mathematical problem step-by-step. Put your final answer within \boxed{}.
45,svamp_chal_45,Subtraction,1,float_tol,\boxed{39},"The grasshopper, the frog and the mouse had a jumping contest. The grasshopper jumped 9 inches. The mouse jumped 3 inches lesser than the frog who jumped 33 inches farther than the grasshopper. How far did the mouse jump?  Solve this mathematical problem step-by-step. Put your final answer within \boxed{}."
46,svamp_chal_46,Subtraction,1,float_tol,\boxed{32},Zachary did 35 push-ups and 3 crunches in gym class today. David did 58 more push-ups but 87 less crunches than zachary. How many more push-ups than crunches did Zachary do?  Solve this mathematical problem step-by-step. Put your final answer within \boxed{}.
47,svamp_chal_47,Addition,1,float_tol,\boxed{13},"Jack received 4 emails in the morning, 5 emails in the afternoon and 8 emails in the evening. How many emails did Jack receive in the afternoon and evening?  Solve this mathematical problem step-by-step. Put your final answer within \boxed{}."
48,svamp_chal_48,Subtraction,1,float_tol,\boxed{11},Jerry had 7 action figures on a shelf in his room. Later he added some more action figures to the shelf and removed 10 of the old ones. If there are 8 action figures on his shelf now How many action figures did he add to the shelf?  Solve this mathematical problem step-by-step. Put your final answer within \boxed{}.
49,svamp_chal_49,Addition,1,float_tol,\boxed{26},Julia played tag with 12 kids on monday. She played tag with 14 kids on tuesday. She spent a total of 34 hours to play tag on both days. How many kids did she play with altogether?  Solve this mathematical problem step-by-step. Put your final answer within \boxed{}.
50,svamp_chal_50,Subtraction,1,float_tol,\boxed{266},Nell collects cards. She had 309 baseball cards and 356 Ace cards. She gave some of her cards to Jeff and now has 415 baseball cards and Ace cards left. How many more baseball cards than Ace cards does Nell have?  Solve this mathematical problem step-by-step. Put your final answer within \boxed{}.
51,svamp_chal_51,Subtraction,1,float_tol,\boxed{57},"At the zoo, a cage had 93 snakes and 97 alligators. If 40 alligators were hiding How many alligators were not hiding?  Solve this mathematical problem step-by-step. Put your final answer within \boxed{}."
52,svamp_chal_52,Subtraction,1,float_tol,\boxed{6},You have read 8 books from the ' crazy silly school ' series. If there are a total of 14 different books in the ' crazy silly school ' series How many more do you still have to read?  Solve this mathematical problem step-by-step. Put your final answer within \boxed{}.
53,svamp_chal_53,Common-Division,1,float_tol,\boxed{4},Emily is making bead necklaces for her 43 friends. She had 20 beads and she was able to make 5 necklaces. How many beads did each necklace need?  Solve this mathematical problem step-by-step. Put your final answer within \boxed{}.
54,svamp_chal_54,Common-Division,1,float_tol,\boxed{2},Frank put 11 pieces of candy in each bag. If he had 22 pieces of candy How many bags would he have?  Solve this mathematical problem step-by-step. Put your final answer within \boxed{}.
55,svamp_chal_55,Addition,1,float_tol,\boxed{24},A waiter had 12 customers. After some left he still had 14 customers. Then he got 10 new customers How many customers does he have now?  Solve this mathematical problem step-by-step. Put your final answer within \boxed{}.
56,svamp_chal_56,Addition,1,float_tol,\boxed{204},A farmer had 90 tomatoes in his garden. If he picked 154 of them yesterday and 50 today. How many tomatoes did he pick in all?  Solve this mathematical problem step-by-step. Put your final answer within \boxed{}.
57,svamp_chal_57,Addition,1,float_tol,\boxed{20},"5 red peaches, 14 yellow peaches and 6 green peaches are in the basket. How many green and yellow peaches are in the basket?  Solve this mathematical problem step-by-step. Put your final answer within \boxed{}."
58,svamp_chal_58,Subtraction,1,float_tol,\boxed{31},Winter is almost here and most animals are migrating to warmer countries. There were 89 bird families living near the mountain. If 60 bird families flew away for winter How many more bird families flew away for the winter than those that stayed behind?  Solve this mathematical problem step-by-step. Put your final answer within \boxed{}.
59,svamp_chal_59,Subtraction,1,float_tol,\boxed{10},There were 9 roses and 6 orchids in the vase. Jessica cut some more roses and orchids from her flower garden. There are now 13 orchids and 3 roses in the vase. How many more orchids than roses are there in the vase now?  Solve this mathematical problem step-by-step. Put your final answer within \boxed{}.
60,svamp_chal_60,Subtraction,1,float_tol,\boxed{61},"After eating a hearty meal they went to see the Buckingham palace. There were 39 paintings in the Buckingham palace. There, Rachel learned that 661 visitors came to the Buckingham palace that day. If there were 600 visitors the previous day How many more visitors visited the Buckingham palace on that day than on the previous day?  Solve this mathematical problem step-by-step. Put your final answer within \boxed{}."
61,svamp_chal_61,Addition,1,float_tol,\boxed{11},A waiter had 12 customers. While 15 customers left he got 14 new customers. How many customers does he still have?  Solve this mathematical problem step-by-step. Put your final answer within \boxed{}.
62,svamp_chal_62,Common-Division,1,float_tol,\boxed{2},Emily is making bead necklaces for her 72 friends. She has 6 beads and each necklace takes 3 beads. How many necklaces can Emily make?  Solve this mathematical problem step-by-step. Put your final answer within \boxed{}.
63,svamp_chal_63,Common-Division,1,float_tol,\boxed{2},He also had 26 aquariums for saltwater animals. The aquarium had 52 saltwater animals in total and every aquarium had the same number of animals. How many saltwater animals does each aquarium have?  Solve this mathematical problem step-by-step. Put your final answer within \boxed{}.
64,svamp_chal_64,Subtraction,1,float_tol,\boxed{2},Mary is baking a cake. The recipe calls for 11 cups of flour and 7 cups of sugar. She already put in some cups of flour. If she still needs 2 more cups of flour than sugar How many cups of flour did she put in?  Solve this mathematical problem step-by-step. Put your final answer within \boxed{}.
65,svamp_chal_65,Subtraction,1,float_tol,\boxed{139},Baker made 149 cakes and 91 pastries. If he sold 10 cakes and 90 pastries How many cakes would baker still have?  Solve this mathematical problem step-by-step. Put your final answer within \boxed{}.
66,svamp_chal_66,Subtraction,1,float_tol,\boxed{3},Dave had 24 files and 13 apps on his phone. After deleting some apps and files he had 17 apps and 21 files left. How many files did he delete?  Solve this mathematical problem step-by-step. Put your final answer within \boxed{}.
67,svamp_chal_67,Common-Division,1,float_tol,\boxed{4},An industrial machine made 9 shirts yesterday and 8 shirts today. It can make 2 shirts a minute. How many minutes did the machine work today?  Solve this mathematical problem step-by-step. Put your final answer within \boxed{}.
68,svamp_chal_68,Common-Division,1,float_tol,\boxed{5},Rebecca wants to split a collection of eggs into 3 groups. Rebecca has 4 marbles and 15 eggs. How many eggs will each group have?  Solve this mathematical problem step-by-step. Put your final answer within \boxed{}.
69,svamp_chal_69,Multiplication,1,float_tol,\boxed{22},Matthew had some crackers. If Matthew gave 2 crackers to each of his 11 friends How many crackers did Matthew have?  Solve this mathematical problem step-by-step. Put your final answer within \boxed{}.
70,svamp_chal_70,Addition,1,float_tol,\boxed{111},Olivia spent 78 dollars at a supermarket. If she has 33 dollars left with her How much money did she have initially?  Solve this mathematical problem step-by-step. Put your final answer within \boxed{}.
71,svamp_chal_71,Multiplication,1,float_tol,\boxed{22090603},If Lewis earns $ 1357 every week during the 223 weeks of a harvest season. How much money will he earn if he works for 73 harvest seasons?  Solve this mathematical problem step-by-step. Put your final answer within \boxed{}.
72,svamp_chal_72,Subtraction,1,float_tol,\boxed{125},Because of the decision Sofia asked 310 students to suggest specific types of food. 185 students suggested adding mashed potatoes while others suggested adding bacon to the menu. How many students suggested bacon?  Solve this mathematical problem step-by-step. Put your final answer within \boxed{}.
73,svamp_chal_73,Addition,1,float_tol,\boxed{8},Jack received 3 emails and 64 letters in the morning. He then received 5 emails and 54 letters in the afternoon. How many emails did jack receive in the day?  Solve this mathematical problem step-by-step. Put your final answer within \boxed{}.
74,svamp_chal_74,Addition,1,float_tol,\boxed{75},Paco had 40 cookies. He ate 2 of them. Then he bought 37 more cookies How many cookies did Paco have left?  Solve this mathematical problem step-by-step. Put your final answer within \boxed{}.
75,svamp_chal_75,Addition,1,float_tol,\boxed{569},Because of the decision Sofia asked the students to suggest specific types of food. If 218 students suggested adding mashed potatoes as well as bacon while 351 suggested adding only bacon to the menu How many students suggested adding bacon?  Solve this mathematical problem step-by-step. Put your final answer within \boxed{}.
76,svamp_chal_76,Multiplication,1,float_tol,\boxed{2173},If each bag has 41 cookies and you had 53 bags of cookies How many cookies would you have?  Solve this mathematical problem step-by-step. Put your final answer within \boxed{}.
77,svamp_chal_77,Subtraction,1,float_tol,\boxed{2},Rachel had to complete 2 pages of reading homework and 4 pages of math homework. How many more pages of math homework than reading homework did she have?  Solve this mathematical problem step-by-step. Put your final answer within \boxed{}.
78,svamp_chal_78,Addition,1,float_tol,\boxed{8},Allan brought 5 balloons and Jake brought 4 balloons to the park. Allan then bought 3 more balloons at the park. How many balloons did Allan bring to the park?  Solve this mathematical problem step-by-step. Put your final answer within \boxed{}.
79,svamp_chal_79,Subtraction,1,float_tol,\boxed{2},"Julia played tag with 8 kids on monday, 11 kids on tuesday and 9 kids on wednesday. How many more kids did she play with on tuesday than on wednesday?  Solve this mathematical problem step-by-step. Put your final answer within \boxed{}."
80,svamp_chal_80,Multiplication,1,float_tol,\boxed{4300},The Razorback shop makes $ 5 dollars off each jersey and $ 215 off each t-shirt. During the Arkansas and Texas tech game they sold 20 t-shirts and 64 jerseys. How much money did they make from selling the t-shirts?  Solve this mathematical problem step-by-step. Put your final answer within \boxed{}.
81,svamp_chal_81,Subtraction,1,float_tol,\boxed{24},36 children were riding on the bus. At the bus stop 68 children got off the bus while some more got on the bus. Then there were 12 children altogether on the bus. How many more children got off the bus than those that got on?  Solve this mathematical problem step-by-step. Put your final answer within \boxed{}.
82,svamp_chal_82,Common-Division,1,float_tol,\boxed{7},Brenda's mother made 14 cookies for 2 guests. If each of them had the same number of cookies How many did each of them have?  Solve this mathematical problem step-by-step. Put your final answer within \boxed{}.
83,svamp_chal_83,Subtraction,1,float_tol,\boxed{2},Tiffany was collecting cans for recycling. On monday she had 4 bags of cans. The next day she found some more bags worth of cans. If she had a total of 6 bags altogether How many bags did she find on the next day?  Solve this mathematical problem step-by-step. Put your final answer within \boxed{}.
84,svamp_chal_84,Subtraction,1,float_tol,\boxed{687},In a school there are 632 girls and 410 boys. 465 more girls joined the school. How many more girls than boys does the school have?  Solve this mathematical problem step-by-step. Put your final answer within \boxed{}.
85,svamp_chal_85,Multiplication,1,float_tol,\boxed{20},Emily is making bead necklaces for her friends where each necklace takes 5 beads. She made 4 necklaces. How many beads did Emily have?  Solve this mathematical problem step-by-step. Put your final answer within \boxed{}.
86,svamp_chal_86,Subtraction,1,float_tol,\boxed{30},Randy has 95 blocks. He uses 20 blocks to build a house and 50 blocks to build a tower. How many more blocks did he use to build the tower than he did to build the house?  Solve this mathematical problem step-by-step. Put your final answer within \boxed{}.
87,svamp_chal_87,Subtraction,1,float_tol,\boxed{1},2 birds and 6 storks were sitting on the fence. 3 more birds came to join them. How many more storks than birds are sitting on the fence?  Solve this mathematical problem step-by-step. Put your final answer within \boxed{}.
88,svamp_chal_88,Common-Division,1,float_tol,\boxed{17},The Razorback t-shirt shop made $ 51 dollars from selling 3 t-shirt during the Arkansas and Texas tech game they. What is the cost of each t-shirt?  Solve this mathematical problem step-by-step. Put your final answer within \boxed{}.
89,svamp_chal_89,Subtraction,1,float_tol,\boxed{5},Paco had 12 cookies. He ate 16 cookies and gave 21 of them to his friend. How many more cookies did he give to his friend than those he ate?  Solve this mathematical problem step-by-step. Put your final answer within \boxed{}.
90,svamp_chal_90,Subtraction,1,float_tol,\boxed{22},"After eating a hearty meal they went to see the Buckingham palace. There, Rachel learned that 317 visitors came to the Buckingham palace that day. If there were 295 visitors the previous day How many more visitors visited the Buckingham palace on that day than on the previous day?  Solve this mathematical problem step-by-step. Put your final answer within \boxed{}."
91,svamp_chal_91,Subtraction,1,float_tol,\boxed{1},Josh had 3 marbles in his collection. He found 6 marbles while he lost 5 marbles. How many more marbles did he find than those he lost?  Solve this mathematical problem step-by-step. Put your final answer within \boxed{}.
92,svamp_chal_92,Subtraction,1,float_tol,\boxed{366},Because of the decision Sofia asked the students to suggest specific types of food. If 408 students suggested adding mashed potatoes while 42 suggested adding bacon to the menu How many more students suggested mashed potatoes than those that suggested bacon?  Solve this mathematical problem step-by-step. Put your final answer within \boxed{}.
93,svamp_chal_93,Subtraction,1,float_tol,\boxed{22},Paco had 40 cookies. He ate 5 cookies and gave 13 of them to his friend. How many cookies did paco have left?  Solve this mathematical problem step-by-step. Put your final answer within \boxed{}.
94,svamp_chal_94,Subtraction,1,float_tol,\boxed{1},Paco had 17 cookies. He ate 14 cookies and gave 13 of them to his friend. How many more cookies did he eat than those he gave to his friend?  Solve this mathematical problem step-by-step. Put your final answer within \boxed{}.
95,svamp_chal_95,Subtraction,1,float_tol,\boxed{1},Julia played tag with 19 kids on monday. She played tag with 18 kids on tuesday. She spent a total of 38 hours to play tag on both days. How many more kids did she play with on monday than on tuesday?  Solve this mathematical problem step-by-step. Put your final answer within \boxed{}.
96,svamp_chal_96,Subtraction,1,float_tol,\boxed{1},Dan has $ 5. He bought a candy bar for $ 2 and a chocolate for $ 3. How much money did he spend to buy chocolate than he did to buy candy bar?  Solve this mathematical problem step-by-step. Put your final answer within \boxed{}.
97,svamp_chal_97,Subtraction,1,float_tol,\boxed{12},Ed had 29 more marbles than Doug. Ed lost 17 of his marbles at the playground. How many more marbles did Ed have than Doug then?  Solve this mathematical problem step-by-step. Put your final answer within \boxed{}.
98,svamp_chal_98,Addition,1,float_tol,\boxed{30},"The grasshopper, the frog and the mouse had a jumping contest. The grasshopper jumped 19 inches. The frog jumped 10 inches farther than the grasshopper and the mouse jumped 20 inches farther than the frog. How much farther did the mouse jump than the grasshopper?  Solve this mathematical problem step-by-step. Put your final answer within \boxed{}."
99,svamp_chal_99,Common-Division,1,float_tol,\boxed{7},Frank was reading through his favorite book. It took him 16 days to finish the book. If the book had 112 pages How many pages did he read per day?  Solve this mathematical problem step-by-step. Put your final answer within \boxed{}.
100,svamp_chal_100,Subtraction,1,float_tol,\boxed{15},There are 20 different books in the ' crazy silly school ' series. If you are yet to read 5 of the books How many books have you already read?  Solve this mathematical problem step-by-step. Put your final answer within \boxed{}.
101,svamp_chal_101,Addition,1,float_tol,\boxed{10},Allan brought 3 balloons and Jake brought 5 balloons to the park. Allan then bought 2 more balloons at the park. How many balloons did Allan and Jake have in the park?  Solve this mathematical problem step-by-step. Put your final answer within \boxed{}.
102,svamp_chal_102,Subtraction,1,float_tol,\boxed{8},Josh lost 11 marbles. If he had 19 marbles in his collection earlier How many marbles does he have now?  Solve this mathematical problem step-by-step. Put your final answer within \boxed{}.
103,svamp_chal_103,Subtraction,1,float_tol,\boxed{1},Allan brought 6 balloons and Jake brought 3 balloons to the park. Jake then bought 4 more balloons at the park. How many more balloons did Jake have than Allan in the park?  Solve this mathematical problem step-by-step. Put your final answer within \boxed{}.
104,svamp_chal_104,Multiplication,1,float_tol,\boxed{154},Faye was placing her pencils into 14 rows with 11 pencils in each row. How many pencils does she have?  Solve this mathematical problem step-by-step. Put your final answer within \boxed{}.
105,svamp_chal_105,Subtraction,1,float_tol,\boxed{39},A grocery store had 22 bottles of regular soda and 61 bottles of diet soda. How many more bottles of diet soda than regular soda did they have?  Solve this mathematical problem step-by-step. Put your final answer within \boxed{}.
106,svamp_chal_106,Multiplication,1,float_tol,\boxed{96},There are 6 baskets of peaches. Each basket has 16 red peaches and 18 green peaches. How many red peaches are in the baskets altogether?  Solve this mathematical problem step-by-step. Put your final answer within \boxed{}.
107,svamp_chal_107,Subtraction,1,float_tol,\boxed{28462},During summer break 800059 kids from Lawrence county go to camp and the rest stay home. Lawrence county has 828521 kids in all. About how many kids stayed home?  Solve this mathematical problem step-by-step. Put your final answer within \boxed{}.
108,svamp_chal_108,Multiplication,1,float_tol,\boxed{10011},There are 141 pots. Each pot has 71 flowers and 91 sticks in it. How many flowers are there in all?  Solve this mathematical problem step-by-step. Put your final answer within \boxed{}.
109,svamp_chal_109,Subtraction,1,float_tol,\boxed{1},Allan brought 2 balloons and Jake brought 4 balloons to the park. Allan then bought 3 more balloons at the park. How many more balloons did Allan have than Jake in the park?  Solve this mathematical problem step-by-step. Put your final answer within \boxed{}.
110,svamp_chal_110,Subtraction,1,float_tol,\boxed{23},"A chef had 58 apples. After making some pies, he had used 35. How many apples remained?  Solve this mathematical problem step-by-step. Put your final answer within \boxed{}."
111,svamp_chal_111,Common-Division,1,float_tol,\boxed{2},You had 26 bags with equal number of cookies. If you had 15 candies and 52 cookies in total How many cookies does each bag have?  Solve this mathematical problem step-by-step. Put your final answer within \boxed{}.
112,svamp_chal_112,Multiplication,1,float_tol,\boxed{1862},He then went to see the oranges being harvested. He found out that they harvest 38 sacks per day and that each sack containes 42 oranges. How many sacks of oranges will they have after 49 days of harvest?  Solve this mathematical problem step-by-step. Put your final answer within \boxed{}.
113,svamp_chal_113,Subtraction,1,float_tol,\boxed{4},There were 16 roses and 3 orchids in the vase. Jessica cut some more roses and orchids from her flower garden. There are now 7 orchids and 13 roses in the vase. How many orchids did she cut?  Solve this mathematical problem step-by-step. Put your final answer within \boxed{}.
114,svamp_chal_114,Subtraction,1,float_tol,\boxed{1},"Jack received 10 emails in the morning, 5 emails in the afternoon and 4 emails in the evening. How many more emails did Jack receive in the afternoon than in the evening?  Solve this mathematical problem step-by-step. Put your final answer within \boxed{}."
115,svamp_chal_115,Multiplication,1,float_tol,\boxed{84},Faye was placing her pencils into rows with 22 pencils in each row. She had 6 packs of pencils each one having 14 pencils. How many pencils does she have?  Solve this mathematical problem step-by-step. Put your final answer within \boxed{}.
116,svamp_chal_116,Subtraction,1,float_tol,\boxed{104},A farmer had 160 tomatoes in his garden. If he picked 56 of them yesterday and 41 today. How many did he have left after yesterday's picking?  Solve this mathematical problem step-by-step. Put your final answer within \boxed{}.
117,svamp_chal_117,Common-Division,1,float_tol,\boxed{10},Each pot has 40 flowers in it. There are 400 flowers in total. How many pots are there in all?  Solve this mathematical problem step-by-step. Put your final answer within \boxed{}.
118,svamp_chal_118,Subtraction,1,float_tol,\boxed{17},15 campers went rowing in the morning. Some more campers went rowing in the afternoon. If a total of 32 campers went rowing that day How many campers went rowing in the afternoon?  Solve this mathematical problem step-by-step. Put your final answer within \boxed{}.
119,svamp_chal_119,Subtraction,1,float_tol,\boxed{10},Because of the decision Sofia asked the students to suggest specific types of food. If 479 students suggested adding mashed potatoes while 489 suggested adding bacon to the menu How many more students suggested bacon than those that suggested mashed potatoes?  Solve this mathematical problem step-by-step. Put your final answer within \boxed{}.
120,svamp_chal_120,Subtraction,1,float_tol,\boxed{22},Ed had 5 more marbles than Doug. Doug lost 3 of his marbles at the playground. If Ed had 27 marbles How many marbles did Doug have initially?  Solve this mathematical problem step-by-step. Put your final answer within \boxed{}.
121,svamp_chal_121,Subtraction,1,float_tol,\boxed{3},Rachel had to complete 7 pages of math homework. If she had to complete 4 more pages of math homework than reading homework How many pages of reading homework did she have to complete?  Solve this mathematical problem step-by-step. Put your final answer within \boxed{}.
122,svamp_chal_122,Subtraction,1,float_tol,\boxed{25},Helen the hippo and her friends are preparing for thanksgiving at Helen's house. Helen baked 19 chocolate chip cookies yesterday and 231 raisin cookies and 237 chocolate chip cookies this morning. How many more chocolate chip cookies than raisin cakes did Helen bake?  Solve this mathematical problem step-by-step. Put your final answer within \boxed{}.
123,svamp_chal_123,Subtraction,1,float_tol,\boxed{4},Tiffany was collecting cans for recycling. On monday she had some bags of cans. The next day she found 4 more bags worth of cans. If she had a total of 8 bags altogether How many bags did she have on monday?  Solve this mathematical problem step-by-step. Put your final answer within \boxed{}.
124,svamp_chal_124,Subtraction,1,float_tol,\boxed{33},Danny collects bottle caps. He found 30 bottle caps at the park while he threw away 63 old ones. Now he has 42 bottle caps in his collection. How many more bottle caps did danny throw away than those he found at the park?  Solve this mathematical problem step-by-step. Put your final answer within \boxed{}.
125,svamp_chal_125,Subtraction,1,float_tol,\boxed{12},Mary is baking a cake. The recipe calls for 12 cups of sugar and 14 cups of flour. She already put in 10 cups of sugar. How many more cups of flour than cups of sugar does she need to add now?  Solve this mathematical problem step-by-step. Put your final answer within \boxed{}.
126,svamp_chal_126,Subtraction,1,float_tol,\boxed{118},Kelly has 22 nintendo games. How many does she need to buy so that she will have 140 games left?  Solve this mathematical problem step-by-step. Put your final answer within \boxed{}.
127,svamp_chal_127,Common-Division,1,float_tol,\boxed{5},Mom buys 70 white t - shirts in total. If white t - shirts can be purchased in packages and mom buys 14 packages How many white t - shirts does each package have?  Solve this mathematical problem step-by-step. Put your final answer within \boxed{}.
128,svamp_chal_128,Subtraction,1,float_tol,\boxed{7},A farmer had 171 tomatoes in his garden. If he picked 134 of them yesterday and 30 today. How many will he have left after today?  Solve this mathematical problem step-by-step. Put your final answer within \boxed{}.
129,svamp_chal_129,Addition,1,float_tol,\boxed{192},Last week Fred had 47 dollars and Jason had 99 dollars. Over the weekend Fred delivered newspapers earning 111 dollars and washed cars earning 34 dollars. How much money does Fred have now?  Solve this mathematical problem step-by-step. Put your final answer within \boxed{}.
130,svamp_chal_130,Subtraction,1,float_tol,\boxed{7},Mary is baking a cake. The recipe calls for 6 cups of sugar and 14 cups of flour. She already put in 7 cups of flour and 60 cups of sugar. How many more cups of flour does she need to add?  Solve this mathematical problem step-by-step. Put your final answer within \boxed{}.
131,svamp_chal_131,Subtraction,1,float_tol,\boxed{9},There were 7 roses and 12 orchids in the vase. Jessica cut some more roses and orchids from her flower garden. There are now 11 roses and 20 orchids in the vase. How many more orchids than roses are there in the vase now?  Solve this mathematical problem step-by-step. Put your final answer within \boxed{}.
132,svamp_chal_132,Subtraction,1,float_tol,\boxed{34},After Jessie started to go jogging everyday she lost 35 kilograms. She weighed 69 kilograms before beginning jogging. How much does she weigh now?  Solve this mathematical problem step-by-step. Put your final answer within \boxed{}.
133,svamp_chal_133,Subtraction,1,float_tol,\boxed{60},22 children were riding on the bus. At the bus stop 40 children got on the bus while some got off the bus. Then there were 2 children altogether on the bus. How many children got off the bus at the bus stop?  Solve this mathematical problem step-by-step. Put your final answer within \boxed{}.
134,svamp_chal_134,Subtraction,1,float_tol,\boxed{1},There are 10 different books and 11 different movies in the ' crazy silly school ' series. If you read 13 of the books and watched 12 of the movies How many more books than movies have you read?  Solve this mathematical problem step-by-step. Put your final answer within \boxed{}.
135,svamp_chal_135,Multiplication,1,float_tol,\boxed{308},Emily is making bead necklaces for her friends. She made 11 necklaces and each necklace takes 28 beads. How many beads did Emily have?  Solve this mathematical problem step-by-step. Put your final answer within \boxed{}.
136,svamp_chal_136,Subtraction,1,float_tol,\boxed{80},A farmer had 175 tomatoes and 77 potatoes in his garden. If he picked 172 potatoes How many tomatoes and potatoes does he have left?  Solve this mathematical problem step-by-step. Put your final answer within \boxed{}.
137,svamp_chal_137,Subtraction,1,float_tol,\boxed{4},Last week Fred had 111 dollars and Jason had 40 dollars. Fred washed cars over the weekend and now has 115 dollars. Jason delivered newspapers and now has 44 dollars. How much money did they earn by washing cars?  Solve this mathematical problem step-by-step. Put your final answer within \boxed{}.
138,svamp_chal_138,Multiplication,1,float_tol,\boxed{180},A mailman has to give 9 pieces of junk mail to each house in each block. If there are 20 houses on a block How many pieces of junk mail should he give in each block?  Solve this mathematical problem step-by-step. Put your final answer within \boxed{}.
139,svamp_chal_139,Common-Division,1,float_tol,\boxed{2},Matthew gave equal numbers of crackers and cakes to his 4 friends. If he had 10 crackers and 8 cakes initially How many cakes did each person eat?  Solve this mathematical problem step-by-step. Put your final answer within \boxed{}.
140,svamp_chal_140,Subtraction,1,float_tol,\boxed{16},Jessica cut some roses from her flower garden to put in her vase. There are now 19 roses in the vase. If there were 3 roses in the vase initially How many roses did she cut?  Solve this mathematical problem step-by-step. Put your final answer within \boxed{}.
141,svamp_chal_141,Subtraction,1,float_tol,\boxed{15},23 children were riding on the bus. At the bus stop 24 children got on the bus while some got off the bus. Then there were 8 children altogether on the bus. How many more children got off the bus than those that got on?  Solve this mathematical problem step-by-step. Put your final answer within \boxed{}.
142,svamp_chal_142,Addition,1,float_tol,\boxed{125},A book has 3 chapters. The first chapter is 66 pages long the second chapter is 35 pages long and the third chapter is 24 pages long. How many pages does the book have altogether?  Solve this mathematical problem step-by-step. Put your final answer within \boxed{}.
143,svamp_chal_143,Addition,1,float_tol,\boxed{30},"7 red peaches, 15 yellow peaches and 8 green peaches are in the basket. How many peaches are in the basket?  Solve this mathematical problem step-by-step. Put your final answer within \boxed{}."
144,svamp_chal_144,Common-Division,1,float_tol,\boxed{6},Paige was helping her mom plant flowers and they put 10 seeds in each flower bed. If they planted 60 seeds altogther How many flower beds did they have?  Solve this mathematical problem step-by-step. Put your final answer within \boxed{}.
145,svamp_chal_145,Subtraction,1,float_tol,\boxed{137},Because of the decision Sofia asked the students to suggest specific types of food. If 257 students suggested adding mashed potatoes 120 suggested adding bacon to the menu and 97 suggested adding tomatoes How many more students suggested mashed potatoes than those that suggested bacon?  Solve this mathematical problem step-by-step. Put your final answer within \boxed{}.
146,svamp_chal_146,Addition,1,float_tol,\boxed{1124},In a school there are 135 girls and 214 boys. 496 more girls and 910 more boys joined the school. How many boys are there in the school now?  Solve this mathematical problem step-by-step. Put your final answer within \boxed{}.
147,svamp_chal_147,Subtraction,1,float_tol,\boxed{81},After resting they decided to go for a swim. If the depth of the water is 10 times Dean's height and he stands at 9 feet How much deeper is the water than Dean's height?  Solve this mathematical problem step-by-step. Put your final answer within \boxed{}.
148,svamp_chal_148,Subtraction,1,float_tol,\boxed{469},Next on his checklist is wax to stick the feathers together. He needs 159 g of wax more. If the feathers require a total of 628 g of wax How many grams of wax does he already have?  Solve this mathematical problem step-by-step. Put your final answer within \boxed{}.
149,svamp_chal_149,Common-Division,1,float_tol,\boxed{72},Frank was reading through his favorite book. He read 8 pages per day. If the book had 576 pages How many days did he take to finish the book?  Solve this mathematical problem step-by-step. Put your final answer within \boxed{}.
150,svamp_chal_150,Subtraction,1,float_tol,\boxed{3},There are a total of 16 peaches in a basket. If there are 13 red peaches and some more green peaches in the basket. How many green peaches are in the basket?  Solve this mathematical problem step-by-step. Put your final answer within \boxed{}.
151,svamp_chal_151,Multiplication,1,float_tol,\boxed{12},After resting they decided to go for a swim. The depth of the water is 2 times Dean's height. Dean is 8 feet shorter than Ron. If Ron stands at 14 feet How deep was the water?  Solve this mathematical problem step-by-step. Put your final answer within \boxed{}.
152,svamp_chal_152,Multiplication,1,float_tol,\boxed{174080},There are 544 pots in each of the 10 gardens. Each pot has 32 flowers in it. How many flowers are there in all?  Solve this mathematical problem step-by-step. Put your final answer within \boxed{}.
153,svamp_chal_153,Multiplication,1,float_tol,\boxed{450},Paige was helping her mom plant flowers and together they planted some seeds. They put 10 seeds in each flower bed. If there are 45 flowerbeds How many seeds did they plant?  Solve this mathematical problem step-by-step. Put your final answer within \boxed{}.
154,svamp_chal_154,Subtraction,1,float_tol,\boxed{34},Marco and his dad went strawberry picking. Together their strawberries weighed 4 pounds. Marco's strawberries weighed 19 pounds. How much more did his strawberries weigh than his dad's?  Solve this mathematical problem step-by-step. Put your final answer within \boxed{}.
155,svamp_chal_155,Subtraction,1,float_tol,\boxed{2},Julia played tag with 4 kids on wednesday. She had played with 6 kids on monday and 17 kids on tuesday. How many more kids did she play with on monday than on wednesday?  Solve this mathematical problem step-by-step. Put your final answer within \boxed{}.
156,svamp_chal_156,Common-Division,1,float_tol,\boxed{5},Carol was sending out birthday invitations to 10 friends. If each package of invitations she bought had 2 invitations in it How many packs does she need so that no friend gets left out?  Solve this mathematical problem step-by-step. Put your final answer within \boxed{}.
157,svamp_chal_157,Subtraction,1,float_tol,\boxed{98},"A grocery store had 36 apples, 80 bottles of regular soda and 54 bottles of diet soda. How many more bottles than apple did they have?  Solve this mathematical problem step-by-step. Put your final answer within \boxed{}."
158,svamp_chal_158,Subtraction,1,float_tol,\boxed{21},"The grasshopper, the frog and the mouse had a jumping contest. The grasshopper jumped 14 inches. The mouse jumped 16 inches lesser than the frog who jumped 37 inches farther than the grasshopper. How much farther did the mouse jump than the grasshopper?  Solve this mathematical problem step-by-step. Put your final answer within \boxed{}."
159,svamp_chal_159,Multiplication,1,float_tol,\boxed{638},Faye was placing her pencils and crayons into 11 rows with 31 pencils and 27 crayons in each row. How many pencils and crayons does she have altogether?  Solve this mathematical problem step-by-step. Put your final answer within \boxed{}.
160,svamp_chal_160,Common-Division,1,float_tol,\boxed{29},The school is planning a field trip. The school has 87 classrooms. There are 58 students in the school with each classroom having the same number of students. If there are 2 seats on each school bus. How many buses are needed to take the trip?  Solve this mathematical problem step-by-step. Put your final answer within \boxed{}.
161,svamp_chal_161,Common-Division,1,float_tol,\boxed{16},Emily is making bead necklaces for her friends. She had 2 beads and she was able to make 32 necklaces. How many beads did each necklace need?  Solve this mathematical problem step-by-step. Put your final answer within \boxed{}.
162,svamp_chal_162,Subtraction,1,float_tol,\boxed{4},Paige raised 7 goldfish and 12 catfish in the pond but stray cats loved eating them. Now she has 15 left. How many fishes disappeared?  Solve this mathematical problem step-by-step. Put your final answer within \boxed{}.
163,svamp_chal_163,Subtraction,1,float_tol,\boxed{13},Paco had 40 sweet cookies and 25 salty cookies. He ate 28 salty cookies and 15 sweet cookies. How many more salty cookies than sweet cookies did he eat?  Solve this mathematical problem step-by-step. Put your final answer within \boxed{}.
164,svamp_chal_164,Subtraction,1,float_tol,\boxed{5},Steven has 14 peaches. Jake has 6 fewer peaches than Steven and 3 more peaches than Jill. How many peaches does Jill have?  Solve this mathematical problem step-by-step. Put your final answer within \boxed{}.
165,svamp_chal_165,Subtraction,1,float_tol,\boxed{37},Paul had 115 books. He sold 78 books in a garage sale. How many books does he have left with him?  Solve this mathematical problem step-by-step. Put your final answer within \boxed{}.
166,svamp_chal_166,Common-Division,1,float_tol,\boxed{2},An industrial machine made 13 shirts yesterday and 3 shirts today. It can make 8 shirts a minute. How many minutes did the machine work in all?  Solve this mathematical problem step-by-step. Put your final answer within \boxed{}.
167,svamp_chal_167,Addition,1,float_tol,\boxed{95},Carol was sending out birthday invitations to her friends. Each package of invitations she bought had 14 invitations in it and she bought 6 packs. Then she bought 11 extra invitations. How many friends can she invite?  Solve this mathematical problem step-by-step. Put your final answer within \boxed{}.
168,svamp_chal_168,Common-Division,1,float_tol,\boxed{2},An industrial machine can make 3 shirts per minute. It made 6 shirts in all. How many minutes was the machine working?  Solve this mathematical problem step-by-step. Put your final answer within \boxed{}.
169,svamp_chal_169,Subtraction,1,float_tol,\boxed{21},Danny collects bottle caps. He found 63 bottle caps at the park while he threw away 51 old ones. Now he has 33 bottle caps in his collection. How many bottle caps did danny have at first?  Solve this mathematical problem step-by-step. Put your final answer within \boxed{}.
170,svamp_chal_170,Subtraction,1,float_tol,\boxed{58},A grocery store had 67 bottles of regular soda and 9 bottles of diet soda. How many more bottles of regular soda than diet soda did they have?  Solve this mathematical problem step-by-step. Put your final answer within \boxed{}.
171,svamp_chal_171,Addition,1,float_tol,\boxed{1538832},During summer break 644997 kids from Lawrence county stayed home and the other 893835 kids went to camp. An additional 78 kids from outside the county attended the camp. How many kids are in Lawrence county?  Solve this mathematical problem step-by-step. Put your final answer within \boxed{}.
172,svamp_chal_172,Common-Division,1,float_tol,\boxed{6},Faye was placing 30 pencils into rows with 5 pencils in each row. How many rows could she make?  Solve this mathematical problem step-by-step. Put your final answer within \boxed{}.
173,svamp_chal_173,Multiplication,1,float_tol,\boxed{858},Frank had some pieces of candy. If he put them into 26 bags with 33 pieces in each bag How many pieces of candy did he have?  Solve this mathematical problem step-by-step. Put your final answer within \boxed{}.
174,svamp_chal_174,Subtraction,1,float_tol,\boxed{8},A grocery store had a total of 17 bottles of which 9 were bottles of regular soda and the rest were bottles of diet soda. They also had 29 apple. How many bottles of diet soda did they have?  Solve this mathematical problem step-by-step. Put your final answer within \boxed{}.
175,svamp_chal_175,Subtraction,1,float_tol,\boxed{5},Jake has 3 fewer peaches than Steven who has 8 more peaches than Jill. Steven has 5 peaches. How many more peaches does Jake have than Jill?  Solve this mathematical problem step-by-step. Put your final answer within \boxed{}.
176,svamp_chal_176,Subtraction,1,float_tol,\boxed{18},Josh had 20 marbles in his collection. He gave 2 marbles to Jack. How many marbles does Josh have now?  Solve this mathematical problem step-by-step. Put your final answer within \boxed{}.
177,svamp_chal_177,Subtraction,1,float_tol,\boxed{8},Steven has 12 peaches. Jake has 4 fewer peaches than Steven who has 67 more peaches than Jill. How many peaches does Jake have?  Solve this mathematical problem step-by-step. Put your final answer within \boxed{}.
178,svamp_chal_178,Multiplication,1,float_tol,\boxed{8722},The Razorback t-shirt shop makes $ 98 dollars off each t-shirt sold. During the Arkansas game and the Texas tech game they sold a total of 163 t-shirts. If they sold 89 t-shirts during the Arkansas game How much money did they make from selling the t-shirts during the arkansas game?  Solve this mathematical problem step-by-step. Put your final answer within \boxed{}.
179,svamp_chal_179,Addition,1,float_tol,\boxed{14},"Jack received 6 emails in the morning, 3 emails in the afternoon and 5 emails in the evening. How many emails did Jack receive in the day?  Solve this mathematical problem step-by-step. Put your final answer within \boxed{}."
180,svamp_chal_180,Subtraction,1,float_tol,\boxed{13},Jake has 5 fewer peaches than Steven. Steven has 18 more peaches than Jill. If Jill has 87 peaches How many more peaches does Jake have than Jill?  Solve this mathematical problem step-by-step. Put your final answer within \boxed{}.
181,svamp_chal_181,Addition,1,float_tol,\boxed{229},For the walls of the house he would use 13 large planks of wood. If each plank of wood needs 17 pieces of nails to be secured and in addition 8 nails are needed for some smaller planks. How many nails does John need for the house wall?  Solve this mathematical problem step-by-step. Put your final answer within \boxed{}.
182,svamp_chal_182,Subtraction,1,float_tol,\boxed{29},"A grocery store had 54 bottles of diet soda, 83 bottles of regular soda and 12 apples. How many more bottles of regular soda than diet soda did they have?  Solve this mathematical problem step-by-step. Put your final answer within \boxed{}."
183,svamp_chal_183,Subtraction,1,float_tol,\boxed{61},Because of the decision Sofia asked the students to suggest specific types of food. If 269 students suggested adding bacon 330 suggested adding mashed potatoes to the menu and 76 suggested adding tomatoes How many more students suggested mashed potatoes than those that suggested bacon?  Solve this mathematical problem step-by-step. Put your final answer within \boxed{}.
184,svamp_chal_184,Multiplication,1,float_tol,\boxed{420},Brenda's mother made cookies for 14. If each of them had 30 cookies How many cookies did she prepare?  Solve this mathematical problem step-by-step. Put your final answer within \boxed{}.
185,svamp_chal_185,Subtraction,1,float_tol,\boxed{1},Dave had 15 apps on his phone. He added 71 new apps. After deleting some he had 14 left. How many more apps did he delete than he added?  Solve this mathematical problem step-by-step. Put your final answer within \boxed{}.
186,svamp_chal_186,Subtraction,1,float_tol,\boxed{42},Kelly has 106 nintendo games. How many will she have left if she gives away 64 games?  Solve this mathematical problem step-by-step. Put your final answer within \boxed{}.
187,svamp_chal_187,Common-Division,1,float_tol,\boxed{1},Matthew had 15 crackers. If Matthew gave equal numbers of crackers to his 5 friends and still had 10 crackers left How many crackers did each friend eat?  Solve this mathematical problem step-by-step. Put your final answer within \boxed{}.
188,svamp_chal_188,Subtraction,1,float_tol,\boxed{56},Last week Fred had 114 dollars and Jason had 22 dollars. They washed cars over the weekend and now Fred has 21 dollars and Jason has 78 dollars. How much money did Jason make over the weekend?  Solve this mathematical problem step-by-step. Put your final answer within \boxed{}.
189,svamp_chal_189,Common-Division,1,float_tol,\boxed{21},Frank had 42 pieces of candy. If he put them equally into 2 bags How many pieces of candy are in each bag?  Solve this mathematical problem step-by-step. Put your final answer within \boxed{}.
190,svamp_chal_190,Subtraction,1,float_tol,\boxed{4},Jack received 6 emails in the morning and 2 emails in the afternoon. How many more emails did Jack receive in the morning than in the afternoon?  Solve this mathematical problem step-by-step. Put your final answer within \boxed{}.
191,svamp_chal_191,Subtraction,1,float_tol,\boxed{76},Baker made 43 cakes and 114 pastries. If he sold 154 pastries and 78 cakes How many more pastries than cakes did baker sell?  Solve this mathematical problem step-by-step. Put your final answer within \boxed{}.
192,svamp_chal_192,Common-Division,1,float_tol,\boxed{10},Haley has 20 marbles. In her class 2 boys love to play marbles. If she distributes her marbles equally How many will each of the boys receive?  Solve this mathematical problem step-by-step. Put your final answer within \boxed{}.
193,svamp_chal_193,Subtraction,1,float_tol,\boxed{2},They decided to hold the party in their backyard. They have 4 sets of tables and each set has 3 chairs. If a total of 14 people will attend the party How many more chairs will they have to buy?  Solve this mathematical problem step-by-step. Put your final answer within \boxed{}.
194,svamp_chal_194,Subtraction,1,float_tol,\boxed{21},Last week Fred had 19 dollars and Jason had 16 dollars. They washed cars over the weekend and now Fred has 40 dollars and Jason has 69 dollars. How much money did Fred earn over the weekend?  Solve this mathematical problem step-by-step. Put your final answer within \boxed{}.
195,svamp_chal_195,Subtraction,1,float_tol,\boxed{2},Paco had 25 cookies. He ate 5 of them. Then he bought 3 more cookies How many more cookies did he eat than those he bought?  Solve this mathematical problem step-by-step. Put your final answer within \boxed{}.
196,svamp_chal_196,Multiplication,1,float_tol,\boxed{28},Rachel has 4 apple trees. She picked 7 apples from each of her trees. Now the trees have a total 29 apples still on them. How many apples did Rachel pick in all?  Solve this mathematical problem step-by-step. Put your final answer within \boxed{}.
197,svamp_chal_197,Subtraction,1,float_tol,\boxed{7},Jake has 8 fewer peaches and 10 more apples than Steven. Steven has 11 apples and 18 peaches. How many more peaches than apples does Steven have?  Solve this mathematical problem step-by-step. Put your final answer within \boxed{}.
198,svamp_chal_198,Subtraction,1,float_tol,\boxed{2},A grocery store had a total of 30 bottles of which 28 were bottles of regular soda and the rest were bottles of diet soda. How many bottles of diet soda did they have?  Solve this mathematical problem step-by-step. Put your final answer within \boxed{}.
199,svamp_chal_199,Multiplication,1,float_tol,\boxed{28},The Ferris wheel in paradise park has 2 small seats and 23 large seats. Each small seat can hold 14 people and large seat can hold 54 people. How many people can ride the Ferris wheel on small seats?  Solve this mathematical problem step-by-step. Put your final answer within \boxed{}.
200,svamp_chal_200,Common-Division,1,float_tol,\boxed{40},Debby bought 360 soda bottles and 162 water bottles when they were on sale. If she drank 122 water bottles and 9 soda bottles a day How many days would the soda bottles last?  Solve this mathematical problem step-by-step. Put your final answer within \boxed{}.
201,svamp_chal_201,Addition,1,float_tol,\boxed{83},A grocery store had 4 bottles of diet soda. If they had 79 more bottles of regular soda than diet soda How many bottles of regular soda did they have?  Solve this mathematical problem step-by-step. Put your final answer within \boxed{}.
202,svamp_chal_202,Common-Division,1,float_tol,\boxed{6},During the Arkansas and Texas tech game the Razorback t-shirt shop made $ 60 by selling t-shirts. If they make $ 10 dollars off each t-shirt sold How many t-shirts did they sell?  Solve this mathematical problem step-by-step. Put your final answer within \boxed{}.
203,svamp_chal_203,Multiplication,1,float_tol,\boxed{12518},Frank was reading through his favorite book. He read 22 pages per day and it took him 569 days to finish the book. How many pages are there in the book?  Solve this mathematical problem step-by-step. Put your final answer within \boxed{}.
204,svamp_chal_204,Subtraction,1,float_tol,\boxed{127},Winter is almost here and most animals are migrating to warmer countries. 86 bird families flew away for the winter from near a mountain. If there were 45 bird families living near the mountain initially How many more bird families flew away for the winter than those that stayed behind?  Solve this mathematical problem step-by-step. Put your final answer within \boxed{}.
205,svamp_chal_205,Subtraction,1,float_tol,\boxed{1},Allan brought 2 balloons to the park and then bought 3 more balloons there. If Jake brought 6 balloons to the park How many more balloons did Jake have than Allan in the park?  Solve this mathematical problem step-by-step. Put your final answer within \boxed{}.
206,svamp_chal_206,Multiplication,1,float_tol,\boxed{460},Bryan took a look at his books and magazines. If he has 9 books and 46 magazines in each of his 10 bookshelves How many magazines does he have in total?  Solve this mathematical problem step-by-step. Put your final answer within \boxed{}.
207,svamp_chal_207,Addition,1,float_tol,\boxed{11},"Rachel had to complete 8 pages of math homework, 7 pages of reading homework and 3 more pages of biology homework. How many pages of math and biology homework did she have to complete?  Solve this mathematical problem step-by-step. Put your final answer within \boxed{}."
208,svamp_chal_208,Subtraction,1,float_tol,\boxed{1},"Every day Ryan spends 2 hours on learning english, 5 hours on learning chinese and 4 hours on learning spanish. How many more hours does he spend on learning chinese than he does on learning spanish?  Solve this mathematical problem step-by-step. Put your final answer within \boxed{}."
209,svamp_chal_209,Subtraction,1,float_tol,\boxed{3},2 birds were sitting on the fence. 5 more birds and 4 more storks came to join them. How many more birds than storks are sitting on the fence?  Solve this mathematical problem step-by-step. Put your final answer within \boxed{}.
210,svamp_chal_210,Subtraction,1,float_tol,\boxed{7},Paco had 6 cookies. He gave 30 cookies to his friend and ate 23 cookies. How many more cookies did he give to his friend than those he ate?  Solve this mathematical problem step-by-step. Put your final answer within \boxed{}.
211,svamp_chal_211,Subtraction,1,float_tol,\boxed{47},Baker made 170 cakes. He sold 78 of them and bought 31 new cakes. How many more cakes did baker sell than those he bought?  Solve this mathematical problem step-by-step. Put your final answer within \boxed{}.
212,svamp_chal_212,Multiplication,1,float_tol,\boxed{350},Shirley sold 25 cases of boxes of trefoils. How many boxes of trefoils does she need to deliver if each case has 14 boxes?  Solve this mathematical problem step-by-step. Put your final answer within \boxed{}.
213,svamp_chal_213,Multiplication,1,float_tol,\boxed{68},We ordered 17 pizzas. Each pizza has 4 slices. If there are 25 of us How many slices of pizza are there altogether?  Solve this mathematical problem step-by-step. Put your final answer within \boxed{}.
214,svamp_chal_214,Subtraction,1,float_tol,\boxed{19},There were 12 roses and 2 orchids in the vase. Jessica cut some more roses and orchids from her flower garden. There are now 10 roses and 21 orchids in the vase. How many orchids did she cut?  Solve this mathematical problem step-by-step. Put your final answer within \boxed{}.
215,svamp_chal_215,Common-Division,1,float_tol,\boxed{22},White t - shirts can be purchased in packages. If mom buys 66 white t - shirts where each package has 3 white t - shirts. How many packages will she have?  Solve this mathematical problem step-by-step. Put your final answer within \boxed{}.
216,svamp_chal_216,Subtraction,1,float_tol,\boxed{12},Mary is baking a cake. The recipe calls for 5 cups of flour and 14 cups of sugar. She already put in 10 cups of flour and 2 cups of sugar. How many more cups of sugar does she need to add?  Solve this mathematical problem step-by-step. Put your final answer within \boxed{}.
217,svamp_chal_217,Common-Division,1,float_tol,\boxed{17},Mom buys 51 white t - shirts. If white t - shirts can be purchased in packages of 3 How many packages will she have?  Solve this mathematical problem step-by-step. Put your final answer within \boxed{}.
218,svamp_chal_218,Multiplication,1,float_tol,\boxed{72},Adam could fit 8 action figures and 10 cabinets on each shelf in his room. His room has 4 shelves. How many total items could his shelves hold?  Solve this mathematical problem step-by-step. Put your final answer within \boxed{}.
219,svamp_chal_219,Common-Division,1,float_tol,\boxed{2},We ordered 7 pizzas. Each pizza has the same number of slices. If there were a total of 14 slices How many slices are there in each pizza?  Solve this mathematical problem step-by-step. Put your final answer within \boxed{}.
220,svamp_chal_220,Subtraction,1,float_tol,\boxed{184},Baker made 144 cakes. He sold 71 of them. Then he made 111 more cakes. How many more cakes did baker make than those he sold?  Solve this mathematical problem step-by-step. Put your final answer within \boxed{}.
221,svamp_chal_221,Subtraction,1,float_tol,\boxed{1},Mary is baking a cake. The recipe calls for 12 cups of flour 5 cups of sugar and 49 cups of salt. She already put in 11 cups of flour. How many more cups of flour does she need to add?  Solve this mathematical problem step-by-step. Put your final answer within \boxed{}.
222,svamp_chal_222,Multiplication,1,float_tol,\boxed{1092},The Razorback t-shirt shop makes $ 78 dollars off each t-shirt sold. During the Arkansas game and the Texas tech game they sold a total of 186 t-shirts. If they sold 172 t-shirts during the Arkansas game How much money did they make from selling the t-shirts during the Texas tech game?  Solve this mathematical problem step-by-step. Put your final answer within \boxed{}.
223,svamp_chal_223,Subtraction,1,float_tol,\boxed{15},There are 62 different movies and 19 different books in the ' crazy silly school ' series. If you read 4 of the books and watched 34 of the movies How many more books do you still have to read?  Solve this mathematical problem step-by-step. Put your final answer within \boxed{}.
224,svamp_chal_224,Common-Division,1,float_tol,\boxed{14},We ordered some pizzas. Each pizza has 2 slices. If there were a total of 28 slices How many pizzas did we order?  Solve this mathematical problem step-by-step. Put your final answer within \boxed{}.
225,svamp_chal_225,Common-Division,1,float_tol,\boxed{3},Rebecca wants to split a collection of eggs into groups of 3. Rebecca has 99 bananas 9 eggs and 27 marbles. How many groups will be created?  Solve this mathematical problem step-by-step. Put your final answer within \boxed{}.
226,svamp_chal_226,Subtraction,1,float_tol,\boxed{23},41 children were riding on the bus. At the bus stop some children got off the bus. Then there were 18 children left on the bus. How many more children were on the bus before the bus stop than there are now?  Solve this mathematical problem step-by-step. Put your final answer within \boxed{}.
227,svamp_chal_227,Common-Division,1,float_tol,\boxed{14},In Haley's class some boys love to play marbles. Haley gives 2 marbles to each boy. If she had 28 marbles How many boys did she give the marbles to?  Solve this mathematical problem step-by-step. Put your final answer within \boxed{}.
228,svamp_chal_228,Common-Division,1,float_tol,\boxed{5},Matthew had 14 crackers and 21 cakes. If Matthew gave equal numbers of crackers and cakes to his 7 friends How many crackers and cakes did each person eat?  Solve this mathematical problem step-by-step. Put your final answer within \boxed{}.
229,svamp_chal_229,Addition,1,float_tol,\boxed{450},Helen the hippo and her friends are preparing for thanksgiving at Helen's house. Helen baked 31 cookies yesterday 270 cookies this morning and 419 cookies the day before yesterday. How many cookies did Helen bake till last night?  Solve this mathematical problem step-by-step. Put your final answer within \boxed{}.
230,svamp_chal_230,Common-Division,1,float_tol,\boxed{2},For the walls of the house he would use 4 nails in all to secure large planks of wood. If each plank of wood needs 2 pieces of nails to be secured How many planks does John need for the house wall?  Solve this mathematical problem step-by-step. Put your final answer within \boxed{}.
231,svamp_chal_231,Subtraction,1,float_tol,\boxed{16},Danny collects bottle caps and wrappers. He found 30 bottle caps and 14 wrappers at the park. Now he has 7 bottle caps and 86 wrappers in his collection. How many more bottle caps than wrappers did danny find at the park?  Solve this mathematical problem step-by-step. Put your final answer within \boxed{}.
232,svamp_chal_232,Multiplication,1,float_tol,\boxed{280},He then went to see the oranges being harvested. He found out that they harvest 8 sacks per day and that each sack containes 35 oranges. How many oranges do they harvest per day?  Solve this mathematical problem step-by-step. Put your final answer within \boxed{}.
233,svamp_chal_233,Subtraction,1,float_tol,\boxed{8},Edward spent $ 16 to buy books and $ 8 to buy pens. Now he has $ 19. How much more did Edward spend on books than pens?  Solve this mathematical problem step-by-step. Put your final answer within \boxed{}.
234,svamp_chal_234,Common-Division,1,float_tol,\boxed{2},Emily is making bead necklaces for her friends. Each necklace takes 8 beads and she has 16 beads. How many necklaces can Emily make?  Solve this mathematical problem step-by-step. Put your final answer within \boxed{}.
235,svamp_chal_235,Subtraction,1,float_tol,\boxed{1},Dan has $ 4. He had $ 3 left with him after he bought a candy bar. How much did the candy bar cost?  Solve this mathematical problem step-by-step. Put your final answer within \boxed{}.
236,svamp_chal_236,Subtraction,1,float_tol,\boxed{183},Paul got a box of 253 crayons for his birthday. By the end of the school year he had either lost or given away 70 of them. How many crayons did he have left by the end of the school year?  Solve this mathematical problem step-by-step. Put your final answer within \boxed{}.
237,svamp_chal_237,Addition,1,float_tol,\boxed{482},Helen the hippo and her friends are preparing for thanksgiving at Helen's house. Helen baked 144 chocolate chip cookies and 397 raisin cookies yesterday. And she baked 85 raisin cookies and 403 chocolate chip cookies this morning. How many raisin cookies did Helen bake?  Solve this mathematical problem step-by-step. Put your final answer within \boxed{}.
238,svamp_chal_238,Addition,1,float_tol,\boxed{8},Rachel picked 2 ripe apples from her tree. Now the tree has 7 apples still on it. If 6 of those are ripe and the rest are unripe How many ripe apples did the tree have to begin with?  Solve this mathematical problem step-by-step. Put your final answer within \boxed{}.
239,svamp_chal_239,Common-Division,1,float_tol,\boxed{3},An industrial machine made 9 shirts yesterday and 44 shirts today. It can make 3 shirts a minute. How many minutes did the machine work yesterday?  Solve this mathematical problem step-by-step. Put your final answer within \boxed{}.
240,svamp_chal_240,Subtraction,1,float_tol,\boxed{69},Zachary did 51 push-ups in gym class today. David did 22 more push-ups than Zachary. John did 4 push-ups less than David. How many push-ups did John do?  Solve this mathematical problem step-by-step. Put your final answer within \boxed{}.
241,svamp_chal_241,Subtraction,1,float_tol,\boxed{20},Helen the hippo and her friends are preparing for thanksgiving at Helen's house. Helen baked 519 chocolate chip cookies and 300 raisin cookies yesterday. And she baked 280 raisin cookies and 359 chocolate chip cookies this morning. How many more raisin cookies did Helen bake yesterday compared to today?  Solve this mathematical problem step-by-step. Put your final answer within \boxed{}.
242,svamp_chal_242,Subtraction,1,float_tol,\boxed{21},"A grocery store had 81 bottles of regular soda, 60 bottles of diet soda and 60 bottles of lite soda. How many more bottles of regular soda did they have than diet soda?  Solve this mathematical problem step-by-step. Put your final answer within \boxed{}."
243,svamp_chal_243,Addition,1,float_tol,\boxed{90},Randy has some blocks. He uses 52 blocks to build a tower. If there are 38 blocks left How many blocks did he have at the start?  Solve this mathematical problem step-by-step. Put your final answer within \boxed{}.
244,svamp_chal_244,Subtraction,1,float_tol,\boxed{10},Edward had $ 13. He spent some money. Now he has $ 3. How much money did Edward spend?  Solve this mathematical problem step-by-step. Put your final answer within \boxed{}.
245,svamp_chal_245,Subtraction,1,float_tol,\boxed{11},Ed had 19 more marbles than Doug. Ed lost some of his marbles at the playground. Now Ed has 8 more marbles than doug. How many marbles did Ed lose?  Solve this mathematical problem step-by-step. Put your final answer within \boxed{}.
246,svamp_chal_246,Addition,1,float_tol,\boxed{174},They decided to hold the party in their backyard. They have 12 sets of tables and each set has 14 chairs. There are also 6 chairs extra. How many chairs do they have for the guests?  Solve this mathematical problem step-by-step. Put your final answer within \boxed{}.
247,svamp_chal_247,Multiplication,1,float_tol,\boxed{84},The Ferris wheel in paradise park has 3 small seats and 7 large seats. Each small seat can hold 16 people and large seat can hold 12 people. How many people can ride the Ferris wheel on large seats?  Solve this mathematical problem step-by-step. Put your final answer within \boxed{}.
248,svamp_chal_248,Multiplication,1,float_tol,\boxed{640},There are 20 houses in a block. If a mailman has to give 32 pieces of junk mail to each house in each block How many pieces of junk mail should he give each block?  Solve this mathematical problem step-by-step. Put your final answer within \boxed{}.
249,svamp_chal_249,Subtraction,1,float_tol,\boxed{26},"A grocery store had 72 bottles of regular soda, 32 bottles of diet soda and 78 apples. How many more bottles than apple did they have?  Solve this mathematical problem step-by-step. Put your final answer within \boxed{}."
250,svamp_chal_250,Multiplication,1,float_tol,\boxed{14},There are 7 baskets of peaches. Each basket has 10 red peaches and 2 green peaches. How many green peaches are in the baskets altogether?  Solve this mathematical problem step-by-step. Put your final answer within \boxed{}.
251,svamp_chal_251,Addition,1,float_tol,\boxed{27},Winter is almost here and most animals are migrating to warmer countries. There are 3 bird families living near the mountain. 26 new bird families came to live near the mountain from the arctic while 2 bird families flew away further south for winter. How many bird families were left near the mountain?  Solve this mathematical problem step-by-step. Put your final answer within \boxed{}.
252,svamp_chal_252,Subtraction,1,float_tol,\boxed{65},Because of the decision Sofia asked the students to suggest specific types of food. If 144 students suggested adding mashed potatoes 467 suggested adding bacon to the menu and 79 suggested adding tomatoes How many more students suggested mashed potatoes than those that suggested tomatoes?  Solve this mathematical problem step-by-step. Put your final answer within \boxed{}.
253,svamp_chal_253,Multiplication,1,float_tol,\boxed{6840},Jesse's rooms are 19 feet long and 18 feet wide. If she has 20 rooms in all How much carpet does she need to cover the floors of all rooms?  Solve this mathematical problem step-by-step. Put your final answer within \boxed{}.
254,svamp_chal_254,Addition,1,float_tol,\boxed{23},Rachel had to complete 10 pages of math homework. If she had to complete 3 more pages of reading homework than math homework How many pages did she have to complete in all?  Solve this mathematical problem step-by-step. Put your final answer within \boxed{}.
255,svamp_chal_255,Addition,1,float_tol,\boxed{1542},In a school there are 700 girls and the rest are boys. If there are 142 more boys than girls How many pupils are there in that school?  Solve this mathematical problem step-by-step. Put your final answer within \boxed{}.
256,svamp_chal_256,Subtraction,1,float_tol,\boxed{9},A waiter had 14 customers. 5 customers left. How many customers does he still have?  Solve this mathematical problem step-by-step. Put your final answer within \boxed{}.
257,svamp_chal_257,Addition,1,float_tol,\boxed{14},Lucy went to the grocery store. She bought 2 packs of cookie and 12 packs of cake. In the end she had 56 amount of change remaining. How many packs of groceries did she buy in all?  Solve this mathematical problem step-by-step. Put your final answer within \boxed{}.
258,svamp_chal_258,Subtraction,1,float_tol,\boxed{1},Mary is baking a cake. The recipe calls for 11 cups of sugar and 9 cups of flour. She already put in 12 cups of flour and 10 cups of sugar. How many more cups of sugar does she need to add?  Solve this mathematical problem step-by-step. Put your final answer within \boxed{}.
259,svamp_chal_259,Addition,1,float_tol,\boxed{40},Marco and his dad went strawberry picking. His strawberries weighed 8 pounds while his dad's strawberries weighed 32 pounds. Together how much did their strawberries weigh?  Solve this mathematical problem step-by-step. Put your final answer within \boxed{}.
260,svamp_chal_260,Addition,1,float_tol,\boxed{183},Kelly gives away 91 nintendo games. How many did she have initially if she still has 92 games left?  Solve this mathematical problem step-by-step. Put your final answer within \boxed{}.
261,svamp_chal_261,Subtraction,1,float_tol,\boxed{127},The Razorback t-shirt shop makes $ 106 dollars off each t-shirt sold. During the Arkansas game and the Texas tech game they sold a total of 242 t-shirts. If they sold 115 t-shirts during the Arkansas game How many t-shirts did they sell during the Texas tech game?  Solve this mathematical problem step-by-step. Put your final answer within \boxed{}.
262,svamp_chal_262,Common-Division,1,float_tol,\boxed{10},The Razorback t-shirt shop makes $ 23 dollars off each t-shirt sold. During the Arkansas and Texas tech game they made $ 230 by selling t-shirts. How many t-shirts did they sell?  Solve this mathematical problem step-by-step. Put your final answer within \boxed{}.
263,svamp_chal_263,Subtraction,1,float_tol,\boxed{26},Randy has 90 blocks. He uses 89 blocks to build a house and 63 blocks to build a tower. How many more blocks did he use to build the house than he did to build the tower?  Solve this mathematical problem step-by-step. Put your final answer within \boxed{}.
264,svamp_chal_264,Subtraction,1,float_tol,\boxed{1},Allan brought 2 balloons and Jake brought 3 balloons to the park. How many more balloons did Jake have than Allan in the park?  Solve this mathematical problem step-by-step. Put your final answer within \boxed{}.
265,svamp_chal_265,Subtraction,1,float_tol,\boxed{3},"Every day Ryan spends 7 hours on learning english, 2 hours on learning chinese and 4 hours on learning spanish. How many more hours does he spend on learning english than he does on learning spanish?  Solve this mathematical problem step-by-step. Put your final answer within \boxed{}."
266,svamp_chal_266,Addition,1,float_tol,\boxed{997},Robin has 43 packages of gum. There are 23 pieces in each package. Robin has 8 extra pieces of gum. How many pieces of gum does Robin have?  Solve this mathematical problem step-by-step. Put your final answer within \boxed{}.
267,svamp_chal_267,Subtraction,1,float_tol,\boxed{11},Paul had 108 books. After selling some books in a garage sale and giving 35 books to his friend he had 62 books left. How many books did he sell in the garage sale?  Solve this mathematical problem step-by-step. Put your final answer within \boxed{}.
268,svamp_chal_268,Addition,1,float_tol,\boxed{29},For the walls of the house he would use 12 large planks of wood and 17 small planks. If each large plank of wood needs 14 pieces of nails to be secured and each small plank needs 25 nails. How many planks does John need for the house wall?  Solve this mathematical problem step-by-step. Put your final answer within \boxed{}.
269,svamp_chal_269,Common-Division,1,float_tol,\boxed{27},Melissa played 3 games and scored a total of 81 points scoring the same for each game. How many points did she score in each game?  Solve this mathematical problem step-by-step. Put your final answer within \boxed{}.
270,svamp_chal_270,Subtraction,1,float_tol,\boxed{91},Nell collects cards. She had 246 baseball cards and 214 Ace cards. She gave some of her cards to Jeff and now has 404 baseball cards and 495 Ace cards left. How many more Ace cards than baseball cards does Nell have?  Solve this mathematical problem step-by-step. Put your final answer within \boxed{}.
271,svamp_chal_271,Subtraction,1,float_tol,\boxed{7},Jerry had 8 action figures on a shelf in his room. Later he added 4 more action figures to the shelf and removed 5 old ones. How many action figures were on his shelf in all?  Solve this mathematical problem step-by-step. Put your final answer within \boxed{}.
272,svamp_chal_272,Common-Division,1,float_tol,\boxed{5},Paige was helping her mom plant flowers and together they planted 45 seeds in 9 flowerbeds. If they put same number of seeds in each flower bed How many seeds did they plant in each flowerbed?  Solve this mathematical problem step-by-step. Put your final answer within \boxed{}.
273,svamp_chal_273,Multiplication,1,float_tol,\boxed{48},A mailman has to give 4 pieces of junk mail to each house in each of the 81 blocks. If there are 12 houses in each block How many pieces of junk mail should he give in each block?  Solve this mathematical problem step-by-step. Put your final answer within \boxed{}.
274,svamp_chal_274,Common-Division,1,float_tol,\boxed{2},The ring toss game at the carnival made 325 dollars in the first 154 days and 114 dollars in the remaining 57 days. How much did they make per day in the remaining 57 days at the carnival?  Solve this mathematical problem step-by-step. Put your final answer within \boxed{}.
275,svamp_chal_275,Common-Division,1,float_tol,\boxed{18},Brenda's mother made cookies for 10 guests but 9 guests did not come. If she prepared 18 cookies and each guest had the same number of cookies How many did each of them have?  Solve this mathematical problem step-by-step. Put your final answer within \boxed{}.
276,svamp_chal_276,Subtraction,1,float_tol,\boxed{1},Mary is baking a cake. The recipe calls for 9 cups of sugar 7 cups of flour and 4 cups of salt. She already put in 2 cups of flour. How many more cups of flour than cups of salt does she need to add now?  Solve this mathematical problem step-by-step. Put your final answer within \boxed{}.
277,svamp_chal_277,Addition,1,float_tol,\boxed{217},Baker made some cakes. He sold 145 of them. If he still has 72 cakes left How many cakes did baker make?  Solve this mathematical problem step-by-step. Put your final answer within \boxed{}.
278,svamp_chal_278,Common-Division,1,float_tol,\boxed{5},Jesse needs a carpet of size 10 square feet to cover her room. If her room is 2 feet wide What is the length of her room?  Solve this mathematical problem step-by-step. Put your final answer within \boxed{}.
279,svamp_chal_279,Multiplication,1,float_tol,\boxed{26180},There are some bananas in Philip's banana collection. If the bananas are organized into 140 groups of size 187 How many bananas does he have in his collection?  Solve this mathematical problem step-by-step. Put your final answer within \boxed{}.
280,svamp_chal_280,Common-Division,1,float_tol,\boxed{3},Rebecca wants to split a collection of eggs into groups of 6. Rebecca has 18 eggs 72 bananas and 66 marbles. How many groups will be created?  Solve this mathematical problem step-by-step. Put your final answer within \boxed{}.
281,svamp_chal_281,Addition,1,float_tol,\boxed{211},Jessie currently weighs 9 kilograms. After she started to go jogging everyday she lost 62 kilograms in the first week and 140 kilograms in the second week. How much did she weigh before starting to jog?  Solve this mathematical problem step-by-step. Put your final answer within \boxed{}.
282,svamp_chal_282,Common-Division,1,float_tol,\boxed{37},The school is planning a field trip. The school has 72 classrooms. There are 3 seats on each school bus. If there are a total of 111 students in the school How many buses are needed to take the trip?  Solve this mathematical problem step-by-step. Put your final answer within \boxed{}.
283,svamp_chal_283,Addition,1,float_tol,\boxed{34},13 campers went rowing and 59 campers went hiking in the morning. 21 campers went rowing in the afternoon. How many campers went rowing in all?  Solve this mathematical problem step-by-step. Put your final answer within \boxed{}.
284,svamp_chal_284,Subtraction,1,float_tol,\boxed{6},Jerry had 9 action figures on a shelf in his room. Later he added 7 more action figures to the shelf. If he also has 10 books on the shelf How many more action figures than books were on his shelf?  Solve this mathematical problem step-by-step. Put your final answer within \boxed{}.
285,svamp_chal_285,Addition,1,float_tol,\boxed{30},Josh had 22 marbles in his collection. He found 13 marbles ones while he lost 5 marbles. How many marbles does he have now?  Solve this mathematical problem step-by-step. Put your final answer within \boxed{}.
286,svamp_chal_286,Addition,1,float_tol,\boxed{20},For the walls of the house he would use 12 large planks of wood and 10 small planks. If large planks together need 15 pieces of nails to be secured and small planks together need 5 nails. How many nails does John need for the house wall?  Solve this mathematical problem step-by-step. Put your final answer within \boxed{}.
287,svamp_chal_287,Subtraction,1,float_tol,\boxed{410},Paul got a box of 589 crayons for his birthday. During the school year he gave 571 crayons to his friends while he lost 161 crayons. How many more crayons did he give to his friends than those he lost?  Solve this mathematical problem step-by-step. Put your final answer within \boxed{}.
288,svamp_chal_288,Subtraction,1,float_tol,\boxed{2},"Jack received 9 emails in the morning, 10 emails in the afternoon and 7 emails in the evening. How many more emails did Jack receive in the morning than in the evening?  Solve this mathematical problem step-by-step. Put your final answer within \boxed{}."
289,svamp_chal_289,Subtraction,1,float_tol,\boxed{2},Jack received 6 emails in the morning and 8 emails in the afternoon. How many more emails did Jack receive in the afternoon than in the morning?  Solve this mathematical problem step-by-step. Put your final answer within \boxed{}.
290,svamp_chal_290,Addition,1,float_tol,\boxed{745},"After eating a hearty meal they went to see the Buckingham palace. There were 71 paintings in the Buckingham palace. There, Rachel learned that 557 visitors came to the Buckingham palace that day. If there were 188 visitors the previous day How many visited the Buckingham palace within 57 days?  Solve this mathematical problem step-by-step. Put your final answer within \boxed{}."
291,svamp_chal_291,Subtraction,1,float_tol,\boxed{131},Helen the hippo and her friends are preparing for thanksgiving at Helen's house. Helen baked 197 chocolate chip cookies and 46 raisin cookies yesterday. And she baked 75 raisin cookies and 66 chocolate chip cookies this morning. How many more chocolate chip cookies did Helen bake yesterday compared to today?  Solve this mathematical problem step-by-step. Put your final answer within \boxed{}.
292,svamp_chal_292,Subtraction,1,float_tol,\boxed{6},Jake has 18 fewer peaches than Steven who has 13 more peaches than Jill. Steven has 19 peaches. How many peaches does Jill have?  Solve this mathematical problem step-by-step. Put your final answer within \boxed{}.
293,svamp_chal_293,Subtraction,1,float_tol,\boxed{4},Lucy went to the grocery store. She bought 23 packs of cookie and some packs of cake. In total she had 27 packs of grocery How many packs of cake did she buy in all?  Solve this mathematical problem step-by-step. Put your final answer within \boxed{}.
294,svamp_chal_294,Subtraction,1,float_tol,\boxed{3},Every day Ryan spends 6 hours on learning english 3 hours on learning chinese and 58 hours on learning spanish. How many more hours does he spend on learning english than he does on learning chinese?  Solve this mathematical problem step-by-step. Put your final answer within \boxed{}.
295,svamp_chal_295,Subtraction,1,float_tol,\boxed{37},A book has 2 chapters. The first chapter is 48 pages long. The second chapter is 11 pages long. How many more pages does the first chapter have than the second chapter?  Solve this mathematical problem step-by-step. Put your final answer within \boxed{}.
296,svamp_chal_296,Subtraction,1,float_tol,\boxed{4},"6 green peaches, 60 yellow peaches and 2 red peaches are in the basket. How many more green peaches than red peaches are in the basket?  Solve this mathematical problem step-by-step. Put your final answer within \boxed{}."
297,svamp_chal_297,Common-Division,1,float_tol,\boxed{2},Debby drinks 6 bottles a day. If she bought a total of 12 water bottles How many days would they last her?  Solve this mathematical problem step-by-step. Put your final answer within \boxed{}.
298,svamp_chal_298,Subtraction,1,float_tol,\boxed{654},There were 22 parents in the program and 676 people in total. How many pupils were present in the program?  Solve this mathematical problem step-by-step. Put your final answer within \boxed{}.
299,svamp_chal_299,Addition,1,float_tol,\boxed{34},"Julia played tag with 17 kids on monday, 15 kids on tuesday and 2 kids on wednesday. How many kids did she play with altogether?  Solve this mathematical problem step-by-step. Put your final answer within \boxed{}."
300,svamp_chal_300,Addition,1,float_tol,\boxed{45},"The grasshopper, the frog and the mouse had a jumping contest. The grasshopper jumped 25 inches. The frog jumped 18 inches farther than the grasshopper and the mouse jumped 2 inches farther than the frog. How far did the mouse jump?  Solve this mathematical problem step-by-step. Put your final answer within \boxed{}."
301,svamp_chal_301,Subtraction,1,float_tol,\boxed{28},Next on his checklist is wax to stick the feathers together and colors to paint them. He needs a total of 49 g of colors to paint them. If the feathers require 288 g of wax and right now he just needs 260 g How many grams of wax does he already have?  Solve this mathematical problem step-by-step. Put your final answer within \boxed{}.
302,svamp_chal_302,Subtraction,1,float_tol,\boxed{3},Mary is baking a cake. The recipe calls for 14 cups of flour and 6 cups of sugar. She already put in 5 cups of flour. How many more cups of flour than cups of sugar does she need to add now?  Solve this mathematical problem step-by-step. Put your final answer within \boxed{}.
303,svamp_chal_303,Addition,1,float_tol,\boxed{25},Jake has 13 more apples and 17 fewer peaches than Steven. Steven has 8 peaches and 12 apples. How many apples does Jake have?  Solve this mathematical problem step-by-step. Put your final answer within \boxed{}.
304,svamp_chal_304,Subtraction,1,float_tol,\boxed{1},Jake has 12 fewer peaches than Steven who has 11 more peaches than Jill. Steven has 4 peaches. How many more peaches does Jill have than Jake?  Solve this mathematical problem step-by-step. Put your final answer within \boxed{}.
305,svamp_chal_305,Addition,1,float_tol,\boxed{14},Last week Fred had 86 dollars and Jason had 5 dollars. Fred washed cars over the weekend and now has 9 dollars and Jason did not work. How much money do they have together now?  Solve this mathematical problem step-by-step. Put your final answer within \boxed{}.
306,svamp_chal_306,Subtraction,1,float_tol,\boxed{7},Jake has 12 fewer peaches and 79 more apples than Steven. Steven has 19 peaches and 14 apples. How many peaches does Jake have?  Solve this mathematical problem step-by-step. Put your final answer within \boxed{}.
307,svamp_chal_307,Subtraction,1,float_tol,\boxed{5},There are 10 different books and 6 different movies in the ' crazy silly school ' series. If you read 14 of the movies and watched 19 of the books How many more books than movies have you read?  Solve this mathematical problem step-by-step. Put your final answer within \boxed{}.
308,svamp_chal_308,Common-Division,1,float_tol,\boxed{1},Debby bought 301 water bottles when they were on sale. If she drank 144 bottles a day for some days. If she has 157 bottles left How many days did she drink for?  Solve this mathematical problem step-by-step. Put your final answer within \boxed{}.
309,svamp_chal_309,Multiplication,1,float_tol,\boxed{2184},He also had 56 aquariums for saltwater animals and 10 aquariums for freshwater animals. Each aquarium has 39 animals in it. How many saltwater animals does Tyler have?  Solve this mathematical problem step-by-step. Put your final answer within \boxed{}.
310,svamp_chal_310,Addition,1,float_tol,\boxed{20},Tiffany was collecting cans for recycling. On monday she had 10 bags of cans. She found 3 bags of cans on the next day and 7 bags of cans the day after that. How many bags did she have altogether?  Solve this mathematical problem step-by-step. Put your final answer within \boxed{}.
311,svamp_chal_311,Addition,1,float_tol,\boxed{66},The grasshopper and the frog had a jumping contest. The grasshopper jumped 31 inches and the frog jumped 35 inches. How much did they jump altogether?  Solve this mathematical problem step-by-step. Put your final answer within \boxed{}.
312,svamp_chal_312,Subtraction,1,float_tol,\boxed{89},There were 100 dollars in Olivia's wallet. She collected 148 more dollars from an atm. After she visited a supermarket there were 159 dollars left. How much did she spend?  Solve this mathematical problem step-by-step. Put your final answer within \boxed{}.
313,svamp_chal_313,Subtraction,1,float_tol,\boxed{5},A waiter had 11 customers. After some left he still had 3 customers. How many more customers left than those that stayed behind?  Solve this mathematical problem step-by-step. Put your final answer within \boxed{}.
314,svamp_chal_314,Subtraction,1,float_tol,\boxed{22},Katie had 81 ds games and her friends had 59 games. How many more games does Katie have than her friends?  Solve this mathematical problem step-by-step. Put your final answer within \boxed{}.
315,svamp_chal_315,Common-Division,1,float_tol,\boxed{8},Frank put some pieces of candy equally into 2 bags. If he had 16 pieces of candy How many pieces of candy are in each bag?  Solve this mathematical problem step-by-step. Put your final answer within \boxed{}.
316,svamp_chal_316,Common-Division,1,float_tol,\boxed{18},"Being his favorite, he saved checking on the grapevines for his last stop. He was told by 266 of the pickers that they fill 90 drums of grapes in 5 days. How many drums of grapes would be filled in each day?  Solve this mathematical problem step-by-step. Put your final answer within \boxed{}."
317,svamp_chal_317,Subtraction,1,float_tol,\boxed{1},Julia played tag with 5 kids on tuesday. She had played tag with 6 kids on monday. How many more kids did she play with on monday than on tuesday?  Solve this mathematical problem step-by-step. Put your final answer within \boxed{}.
318,svamp_chal_318,Subtraction,1,float_tol,\boxed{14},Julia played tag with a total of 18 kids. She played with 4 kids on monday and yet with some more kids on tuesday. How many kids did she play with on tuesday?  Solve this mathematical problem step-by-step. Put your final answer within \boxed{}.
319,svamp_chal_319,Subtraction,1,float_tol,\boxed{3},Jerry had 3 books and 4 action figures on a shelf in his room. Later he added 2 more action figures to the shelf. How many more action figures than books were on his shelf?  Solve this mathematical problem step-by-step. Put your final answer within \boxed{}.
320,svamp_chal_320,Common-Division,1,float_tol,\boxed{4},There are 6 houses on a block. If a mailman has to give 24 pieces of junk mail to each block How many pieces of junk mail should he give in each house?  Solve this mathematical problem step-by-step. Put your final answer within \boxed{}.
321,svamp_chal_321,Subtraction,1,float_tol,\boxed{9},Dave had 19 apps and 18 files on his phone. After deleting some apps and files he had 6 apps and 15 files left. How many more files than apps does he have left on the phone?  Solve this mathematical problem step-by-step. Put your final answer within \boxed{}.
322,svamp_chal_322,Subtraction,1,float_tol,\boxed{78},Baker made 99 cakes. He bought 167 new cakes and sold 89 cakes. How many more cakes did baker buy than those he sold?  Solve this mathematical problem step-by-step. Put your final answer within \boxed{}.
323,svamp_chal_323,Addition,1,float_tol,\boxed{13},3 birds and 4 storks were sitting on the fence. 6 more storks came to join them. How many birds and storks are sitting on the fence?  Solve this mathematical problem step-by-step. Put your final answer within \boxed{}.
324,svamp_chal_324,Subtraction,1,float_tol,\boxed{35},David did 44 push-ups in gym class today. David did 9 more push-ups than Zachary. How many push-ups did Zachary do?  Solve this mathematical problem step-by-step. Put your final answer within \boxed{}.
325,svamp_chal_325,Addition,1,float_tol,\boxed{41},Edward spent $ 6 to buy books and $ 16 to buy pens. Now he has $ 19. How much did Edward have before he spent his money?  Solve this mathematical problem step-by-step. Put your final answer within \boxed{}.
326,svamp_chal_326,Common-Division,1,float_tol,\boxed{19},Bryan took a look at his books as well. Each bookshelf contains 2 books. If he has a total of 38 books How many bookshelves does he have?  Solve this mathematical problem step-by-step. Put your final answer within \boxed{}.
327,svamp_chal_327,Subtraction,1,float_tol,\boxed{13},There were 7 roses in the vase. Jessica cut some more roses from her flower garden which had a total of 59 roses. There are now 20 roses in the vase. How many roses did she cut?  Solve this mathematical problem step-by-step. Put your final answer within \boxed{}.
328,svamp_chal_328,Common-Division,1,float_tol,\boxed{26},Luke played a trivia game and gained 3 points in each round of a game. If he scored 78 points in the trivia game How many rounds did he play?  Solve this mathematical problem step-by-step. Put your final answer within \boxed{}.
329,svamp_chal_329,Subtraction,1,float_tol,\boxed{63},Baker made 13 cakes. He sold 91 of them and bought 154 new cakes. How many more cakes did baker buy than those he sold?  Solve this mathematical problem step-by-step. Put your final answer within \boxed{}.
330,svamp_chal_330,Subtraction,1,float_tol,\boxed{11},He then went to see the oranges being harvested. He found out that they harvest 71 sacks of unripe oranges and 60 sacks of ripe oranges per day. How many more sacks of unripe oranges than ripe oranges are harvested per day?  Solve this mathematical problem step-by-step. Put your final answer within \boxed{}.
331,svamp_chal_331,Subtraction,1,float_tol,\boxed{4},"At the zoo, a cage had snakes and alligators. The total number of animals in the cage was 79. If 24 snakes and 51 alligators were hiding How many animals were not hiding in all?  Solve this mathematical problem step-by-step. Put your final answer within \boxed{}."
332,svamp_chal_332,Subtraction,1,float_tol,\boxed{32},Danny has 21 bottle caps in his collection. He found some more bottle caps at the park. If he has 53 bottle caps now How many bottle caps did he find at the park?  Solve this mathematical problem step-by-step. Put your final answer within \boxed{}.
333,svamp_chal_333,Common-Division,1,float_tol,\boxed{332},Frank was reading through his favorite book. The book had 2 chapters each with 405 pages. It took frank 664 days to finish the book. How many chapters did he read per day?  Solve this mathematical problem step-by-step. Put your final answer within \boxed{}.
334,svamp_chal_334,Subtraction,1,float_tol,\boxed{25},There were 2 roses in the vase. Jessica threw away 4 roses from the vase and cut some more new roses from her flower garden to put in the vase. There are now 23 roses in the vase. How many roses did she cut?  Solve this mathematical problem step-by-step. Put your final answer within \boxed{}.
335,svamp_chal_335,Addition,1,float_tol,\boxed{16},"Rachel had to complete 5 pages of math homework, 10 pages of reading homework and 6 more pages of biology homework. How many pages of reading and biology homework did she have to complete?  Solve this mathematical problem step-by-step. Put your final answer within \boxed{}."
336,svamp_chal_336,Subtraction,1,float_tol,\boxed{1},Jerry had 7 action figures and 2 books on a shelf in his room. Later he added 4 more books to the shelf. How many more action figures than books were on his shelf?  Solve this mathematical problem step-by-step. Put your final answer within \boxed{}.
337,svamp_chal_337,Subtraction,1,float_tol,\boxed{807},In a school there are 34 girls and 841 boys. How many more boys than girls does the school have?  Solve this mathematical problem step-by-step. Put your final answer within \boxed{}.
338,svamp_chal_338,Subtraction,1,float_tol,\boxed{18},Bobby ate some pieces of candy. Then he ate 25 more. If he ate a total of 43 pieces of candy How many pieces of candy had he eaten at the start?  Solve this mathematical problem step-by-step. Put your final answer within \boxed{}.
339,svamp_chal_339,Common-Division,1,float_tol,\boxed{3},He then went to see the oranges being harvested. He found out that they harvest 8 sacks per day. How many days will it take to harvest 24 sacks of oranges?  Solve this mathematical problem step-by-step. Put your final answer within \boxed{}.
340,svamp_chal_340,Subtraction,1,float_tol,\boxed{4},53 campers went rowing in the morning 48 campers went rowing in the afternoon and 49 campers went rowing in the evening. How many more campers went rowing in the morning than in the evening?  Solve this mathematical problem step-by-step. Put your final answer within \boxed{}.
341,svamp_chal_341,Subtraction,1,float_tol,\boxed{2},"Jack received 3 emails in the afternoon, 5 emails in the morning and 16 emails in the evening. How many more emails did Jack receive in the morning than in the afternoon?  Solve this mathematical problem step-by-step. Put your final answer within \boxed{}."
342,svamp_chal_342,Common-Division,1,float_tol,\boxed{2},Dan has $ 3. For a total of $ 4 he bought 2 candy bar each one costing the same amount of money. How much did each candy bar cost?  Solve this mathematical problem step-by-step. Put your final answer within \boxed{}.
343,svamp_chal_343,Subtraction,1,float_tol,\boxed{1},Rachel had to complete 3 pages of math homework and 4 pages of reading homework. How many more pages of reading homework than math homework did she have?  Solve this mathematical problem step-by-step. Put your final answer within \boxed{}.
344,svamp_chal_344,Subtraction,1,float_tol,\boxed{43},A book has 2 chapters. The first chapter is 37 pages long. The second chapter is 80 pages long. How many more pages does the second chapter have than the first chapter?  Solve this mathematical problem step-by-step. Put your final answer within \boxed{}.
345,svamp_chal_345,Subtraction,1,float_tol,\boxed{4},There are 8 different movies and 21 different books in the ' crazy silly school ' series. If you read 7 of the books and watched 4 of the movies How many more movies do you still have to watch?  Solve this mathematical problem step-by-step. Put your final answer within \boxed{}.
346,svamp_chal_346,Addition,1,float_tol,\boxed{17},Haley grew some trees in her backyard. After a typhoon 5 died. If 12 trees were left How many trees did she grow?  Solve this mathematical problem step-by-step. Put your final answer within \boxed{}.
347,svamp_chal_347,Subtraction,1,float_tol,\boxed{158},The Razorback shop makes $ 192 dollars off each t-shirt and $ 34 off each jersey. During the Arkansas and Texas tech game they sold 157 t-shirts and 19 jerseys. How much more does a t-shirt cost than a jersey?  Solve this mathematical problem step-by-step. Put your final answer within \boxed{}.
348,svamp_chal_348,Addition,1,float_tol,\boxed{1081},Helen the hippo and her friends are preparing for thanksgiving at Helen's house. Helen baked 527 chocolate chip cookies and 86 raisin cookies yesterday. And she baked 86 raisin cookies and 554 chocolate chip cookies this morning. How many chocolate chip cookies did Helen bake?  Solve this mathematical problem step-by-step. Put your final answer within \boxed{}.
349,svamp_chal_349,Addition,1,float_tol,\boxed{16},Marco and his dad went strawberry picking. Together they collected strawberries that weighed 22 pounds. On the way back Marco ' dad found 30 more pounds of strawberries. Marco's strawberries now weighed 36 pounds. How much did his dad's strawberries weigh now?  Solve this mathematical problem step-by-step. Put your final answer within \boxed{}.
350,svamp_chal_350,Addition,1,float_tol,\boxed{13},"3 red peaches, and some more green peaches are in the basket. If there are 10 more green peaches than red peaches in the basket How many green peaches are in the basket?  Solve this mathematical problem step-by-step. Put your final answer within \boxed{}."
351,svamp_chal_351,Subtraction,1,float_tol,\boxed{23},"After a typhoon, 13 trees in Haley's backyard died. If she had grown 3 trees initially How many more trees died in the typhoon than those that survived?  Solve this mathematical problem step-by-step. Put your final answer within \boxed{}."
352,svamp_chal_352,Subtraction,1,float_tol,\boxed{5},Josh had 9 marbles in his collection. He lost some marbles. If he has 4 marbles now How many marbles did he lose?  Solve this mathematical problem step-by-step. Put your final answer within \boxed{}.
353,svamp_chal_353,Subtraction,1,float_tol,\boxed{117},They decided to hold the party in their backyard. They have 14 chairs for each set of table. If they have 9 sets of tables How many more chairs than tables do they have?  Solve this mathematical problem step-by-step. Put your final answer within \boxed{}.
354,svamp_chal_354,Multiplication,1,float_tol,\boxed{1848},He then went to see the oranges being harvested. He found out that they harvest 66 sacks per day. How many oranges do they harvest per day if each sack contains 28 oranges?  Solve this mathematical problem step-by-step. Put your final answer within \boxed{}.
355,svamp_chal_355,Addition,1,float_tol,\boxed{26},At the arcade Dave had won some tickets. He used 12 tickets to buy some toys. If he still has 14 tickets left How many tickets did Dave win at the arcade?  Solve this mathematical problem step-by-step. Put your final answer within \boxed{}.
356,svamp_chal_356,Multiplication,1,float_tol,\boxed{80},Adam could fit 10 action figures on each shelf in his room. His room has could hold 8 action figures. How many total shelves did his room have?  Solve this mathematical problem step-by-step. Put your final answer within \boxed{}.
357,svamp_chal_357,Subtraction,1,float_tol,\boxed{12},Marco and his dad went strawberry picking. Together they collected strawberries that weighed 24 pounds. On the way back Marco lost 9 pounds of strawberries. Marco's strawberries now weighed 3 pounds. How much did his dad's strawberries weigh?  Solve this mathematical problem step-by-step. Put your final answer within \boxed{}.
358,svamp_chal_358,Subtraction,1,float_tol,\boxed{11},Mary is baking a cake. The recipe calls for 12 cups of flour and 13 cups of sugar. She already put in 2 cups of sugar. How many more cups of sugar does she need to add?  Solve this mathematical problem step-by-step. Put your final answer within \boxed{}.
359,svamp_chal_359,Subtraction,1,float_tol,\boxed{47},Winter is almost here and most animals are migrating to warmer countries. There are 38 bird families living near the mountain. If 47 bird families flew away to africa and 94 bird families flew away to asia How many more bird families flew away to asia than those that flew away to africa?  Solve this mathematical problem step-by-step. Put your final answer within \boxed{}.
360,svamp_chal_360,Addition,1,float_tol,\boxed{27},Jake has 9 fewer peaches than Steven and 18 more peaches than Jill. Steven has 16 peaches. How many more peaches does Steven have than Jill?  Solve this mathematical problem step-by-step. Put your final answer within \boxed{}.
361,svamp_chal_361,Subtraction,1,float_tol,\boxed{7},Zachary did 51 push-ups and David did 44 push-ups in gym class today. How many more push-ups did Zachary do than David?  Solve this mathematical problem step-by-step. Put your final answer within \boxed{}.
362,svamp_chal_362,Common-Division,1,float_tol,\boxed{4},16 people can ride the Ferris wheel in paradise park at the same time. If the Ferris wheel has 4 seats How many people can each seat hold?  Solve this mathematical problem step-by-step. Put your final answer within \boxed{}.
363,svamp_chal_363,Subtraction,1,float_tol,\boxed{1},Mary is baking a cake. The recipe calls for 6 cups of flour 8 cups of sugar and 7 cups of salt. She already put in 5 cups of flour. How many more cups of sugar than cups of salt does she need to add now?  Solve this mathematical problem step-by-step. Put your final answer within \boxed{}.
364,svamp_chal_364,Subtraction,1,float_tol,\boxed{14},Paige raised 16 goldfish and 71 catfish in the pond but stray cats loved eating them. Now she has 2 left. How many goldfish disappeared?  Solve this mathematical problem step-by-step. Put your final answer within \boxed{}.
365,svamp_chal_365,Subtraction,1,float_tol,\boxed{2},Rachel picked 7 ripe apples from her tree. Now the tree has 5 apples still on it. If 3 of those are ripe and the rest are unripe How many unripe apples does the tree have now?  Solve this mathematical problem step-by-step. Put your final answer within \boxed{}.
366,svamp_chal_366,Addition,1,float_tol,\boxed{146},Zachary did 44 push-ups in gym class today. David did 58 more push-ups than zachary. How many push-ups did Zachary and David do altogether?  Solve this mathematical problem step-by-step. Put your final answer within \boxed{}.
367,svamp_chal_367,Common-Division,1,float_tol,\boxed{92},If Lewis earns a total of $ 460 during 5 weeks of harvest How much money does he earn each week?  Solve this mathematical problem step-by-step. Put your final answer within \boxed{}.
368,svamp_chal_368,Subtraction,1,float_tol,\boxed{314},Because of the decision Sofia asked the students to suggest specific types of food. If 228 students suggested adding mashed potatoes 337 suggested adding bacon to the menu and 23 suggested adding tomatoes How many more students suggested bacon than those that suggested tomatoes?  Solve this mathematical problem step-by-step. Put your final answer within \boxed{}.
369,svamp_chal_369,Addition,1,float_tol,\boxed{7},Edward spent $ 4 to buy books and $ 3 to buy pens. Now he has $ 12. How much did Edward spend on books and pens?  Solve this mathematical problem step-by-step. Put your final answer within \boxed{}.
370,svamp_chal_370,Addition,1,float_tol,\boxed{14},Edward spent $ 17. Then he received $ 10 from his friend. Now he has $ 7. How much did Edward have before he spent his money?  Solve this mathematical problem step-by-step. Put your final answer within \boxed{}.
371,svamp_chal_371,Subtraction,1,float_tol,\boxed{2},"Julia played tag with 9 kids on monday, 7 kids on tuesday and 96 kids on wednesday. How many more kids did she play with on monday than on tuesday?  Solve this mathematical problem step-by-step. Put your final answer within \boxed{}."
372,svamp_chal_372,Subtraction,1,float_tol,\boxed{337},In a school there are 402 more girls than boys. If there are 739 girls How many boys are there in that school?  Solve this mathematical problem step-by-step. Put your final answer within \boxed{}.
373,svamp_chal_373,Subtraction,1,float_tol,\boxed{3},For Gwen's birthday she received 2 dollars from her mom. Her dad gave her 4 more dollars. If she spent 3 dollars. How much money did she still have?  Solve this mathematical problem step-by-step. Put your final answer within \boxed{}.
374,svamp_chal_374,Addition,1,float_tol,\boxed{22},"6 red peaches, 90 yellow peaches and 16 green peaches are in the basket. How many red and green peaches are in the basket?  Solve this mathematical problem step-by-step. Put your final answer within \boxed{}."
375,svamp_chal_375,Subtraction,1,float_tol,\boxed{20},Randy has 37 blocks. He uses 33 blocks to build a tower and 13 blocks to build a house. How many more blocks did he use to build the tower than he did to build the house?  Solve this mathematical problem step-by-step. Put your final answer within \boxed{}.
376,svamp_chal_376,Multiplication,1,float_tol,\boxed{152},The Razorback shop makes $ 76 dollars off each jersey and $ 204 off each t-shirt. During the Arkansas and Texas tech game they sold 158 t-shirts and 2 jerseys. How much money did they make from selling the jerseys?  Solve this mathematical problem step-by-step. Put your final answer within \boxed{}.
377,svamp_chal_377,Subtraction,1,float_tol,\boxed{6},Baker made 8 cakes. He bought 139 new cakes and sold 145 cakes. How many more cakes did baker sell than those he bought?  Solve this mathematical problem step-by-step. Put your final answer within \boxed{}.
378,svamp_chal_378,Subtraction,1,float_tol,\boxed{1},Jack received 6 emails and 8 letters in the morning. He then received 2 emails and 7 letters in the afternoon. How many more letters did Jack receive in the morning than in the afternoon?  Solve this mathematical problem step-by-step. Put your final answer within \boxed{}.
379,svamp_chal_379,Subtraction,1,float_tol,\boxed{3},Jake has 3 fewer peaches and 10 more apples than Steven. Steven has 12 peaches and 15 apples. How many more apples than peaches does Steven have?  Solve this mathematical problem step-by-step. Put your final answer within \boxed{}.
380,svamp_chal_380,Subtraction,1,float_tol,\boxed{3},Rachel had to complete 5 pages of math homework and 2 pages of reading homework. How many more pages of math homework than reading homework did she have?  Solve this mathematical problem step-by-step. Put your final answer within \boxed{}.
381,svamp_chal_381,Common-Division,1,float_tol,\boxed{15},"Frank was reading through his favorite book. The book had 41 chapters, each with the same number of pages. It has a total of 450 pages. It took Frank 30 days to finish the book. How many pages did he read per day?  Solve this mathematical problem step-by-step. Put your final answer within \boxed{}."
382,svamp_chal_382,Subtraction,1,float_tol,\boxed{1},Jesse's room is 19 feet wide and 20 feet long. How much longer is her room than it is wide?  Solve this mathematical problem step-by-step. Put your final answer within \boxed{}.
383,svamp_chal_383,Common-Division,1,float_tol,\boxed{83},Frank was reading through some books. Each book had 249 pages and it took Frank 3 days to finish each book. How many pages did he read per day?  Solve this mathematical problem step-by-step. Put your final answer within \boxed{}.
384,svamp_chal_384,Subtraction,1,float_tol,\boxed{70},Paul got a box of 601 crayons and 406 erasers for his birthday. At the end of the school year he only had 336 crayons left while not having lost a single eraser. How many more erasers than crayons did he have left?  Solve this mathematical problem step-by-step. Put your final answer within \boxed{}.
385,svamp_chal_385,Common-Division,1,float_tol,\boxed{6},The ring toss game at the carnival made 120 dollars in the first 20 days and 66 dollars in the remaining 16 days. How much did they make per day in the first 20 days at the carnival?  Solve this mathematical problem step-by-step. Put your final answer within \boxed{}.
386,svamp_chal_386,Subtraction,1,float_tol,\boxed{2},Mary is baking a cake. The recipe calls for 5 cups of sugar and 14 cups of flour. She already put in 11 cups of flour. How many more cups of sugar than cups of flour does she need to add now?  Solve this mathematical problem step-by-step. Put your final answer within \boxed{}.
387,svamp_chal_387,Multiplication,1,float_tol,\boxed{52},Emily is making bead necklaces for her 44 friends. She made 26 necklaces and each necklace takes 2 beads. How many beads did Emily have?  Solve this mathematical problem step-by-step. Put your final answer within \boxed{}.
388,svamp_chal_388,Common-Division,1,float_tol,\boxed{3},Melissa scored a total of 21 points playing some games. Is she scored 7 points in each game. How many games did she play?  Solve this mathematical problem step-by-step. Put your final answer within \boxed{}.
389,svamp_chal_389,Subtraction,1,float_tol,\boxed{8},Adam has 10 apples. Jackie has 2 apples. How many more apples does Adam have than Jackie?  Solve this mathematical problem step-by-step. Put your final answer within \boxed{}.
390,svamp_chal_390,Common-Division,1,float_tol,\boxed{64},Debby bought 200 water bottles and 256 soda bottles when they were on sale. If she drank 312 water bottles and 4 soda bottles a day How many days would the soda bottles last?  Solve this mathematical problem step-by-step. Put your final answer within \boxed{}.
391,svamp_chal_391,Subtraction,1,float_tol,\boxed{6},Jerry had 5 action figures and 2 books on a shelf in his room. Later he added 9 more books to the shelf. How many more books than action figures were on his shelf?  Solve this mathematical problem step-by-step. Put your final answer within \boxed{}.
392,svamp_chal_392,Addition,1,float_tol,\boxed{37},Robin's hair was 19 inches long. If he grew 18 more inches How long is his hair now?  Solve this mathematical problem step-by-step. Put your final answer within \boxed{}.
393,svamp_chal_393,Subtraction,1,float_tol,\boxed{13},Danny collects bottle caps and wrappers. He found 82 wrappers and 29 bottle caps at the park. Now he has 42 bottle caps and 61 wrappers in his collection. How many bottle caps did danny have at first?  Solve this mathematical problem step-by-step. Put your final answer within \boxed{}.
394,svamp_chal_394,Common-Division,1,float_tol,\boxed{9},If you had 4 bags with equal number of cookies and 36 cookies in total How many cookies does each bag have?  Solve this mathematical problem step-by-step. Put your final answer within \boxed{}.
395,svamp_chal_395,Common-Division,1,float_tol,\boxed{3},White t - shirts can be purchased in packages of 13. If mom buys 39 white t - shirts How many packages will she have?  Solve this mathematical problem step-by-step. Put your final answer within \boxed{}.
396,svamp_chal_396,Addition,1,float_tol,\boxed{1346},In a school there are 706 girls and 222 boys. 418 more girls joined the school. How many pupils are there in the school now?  Solve this mathematical problem step-by-step. Put your final answer within \boxed{}.
397,svamp_chal_397,Multiplication,1,float_tol,\boxed{32},For the walls of the house John would use large planks of wood. Each plank needs 2 pieces of nails to be secured and he would use 16 planks. How many nails does John need for the house wall?  Solve this mathematical problem step-by-step. Put your final answer within \boxed{}.
398,svamp_chal_398,Subtraction,1,float_tol,\boxed{10},At the arcade Dave had won 13 tickets. If he used 8 to buy some toys and 18 more to buy some clothes How many more tickets did Dave use to buy clothes than he did to buy toys?  Solve this mathematical problem step-by-step. Put your final answer within \boxed{}.
399,svamp_chal_399,Subtraction,1,float_tol,\boxed{9},Marco and his dad went strawberry picking. Together their strawberries weighed 35 pounds. Marco's strawberries weighed 13 pounds. How much more did his dad's strawberries weigh than his?  Solve this mathematical problem step-by-step. Put your final answer within \boxed{}.
400,svamp_chal_400,Common-Division,1,float_tol,\boxed{4},An industrial machine can make 3 shirts a minute. It made 4 shirts yesterday and 8 shirts today. How many minutes did the machine work in all?  Solve this mathematical problem step-by-step. Put your final answer within \boxed{}.
401,svamp_chal_401,Subtraction,1,float_tol,\boxed{8},"19 red peaches, 11 yellow peaches and 12 green peaches are in the basket. How many more red peaches than yellow peaches are in the basket?  Solve this mathematical problem step-by-step. Put your final answer within \boxed{}."
402,svamp_chal_402,Subtraction,1,float_tol,\boxed{3},For Gwen's birthday she received 8 dollars from her mom. Her dad gave her 5 more dollars. If she spent 4 dollars. How much more money did she receive from her mom than she did from her dad?  Solve this mathematical problem step-by-step. Put your final answer within \boxed{}.
403,svamp_chal_403,Common-Division,1,float_tol,\boxed{14},The ring toss game at the carnival made the same amount of money each day. In total in 30 days they earned 420 dollars. Together with game they earned 22 dollars. How much did ring toss game make per day?  Solve this mathematical problem step-by-step. Put your final answer within \boxed{}.
404,svamp_chal_404,Subtraction,1,float_tol,\boxed{11},Dave had 16 apps and 77 files on his phone. After deleting some apps and files he had 5 apps and 23 files left. How many apps did he delete?  Solve this mathematical problem step-by-step. Put your final answer within \boxed{}.
405,svamp_chal_405,Subtraction,1,float_tol,\boxed{9},Paco had 39 sweet cookies and 6 salty cookies. He ate 23 salty cookies and 32 sweet cookies. How many more sweet cookies than salty cookies did he eat?  Solve this mathematical problem step-by-step. Put your final answer within \boxed{}.
406,svamp_chal_406,Subtraction,1,float_tol,\boxed{1},Haley grew 13 trees in her backyard. After a typhoon 6 died. How many more trees survived the typhoon than those that died?  Solve this mathematical problem step-by-step. Put your final answer within \boxed{}.
407,svamp_chal_407,Subtraction,1,float_tol,\boxed{8},Julia played tag with 18 kids on monday. She played tag with 10 kids on tuesday. How many more kids did she play with on monday than on tuesday?  Solve this mathematical problem step-by-step. Put your final answer within \boxed{}.
408,svamp_chal_408,Subtraction,1,float_tol,\boxed{101},Kelly has 46 nintendo games and 132 sony games. How many sony games does she need to give away so that she will have 31 sony games left?  Solve this mathematical problem step-by-step. Put your final answer within \boxed{}.
409,svamp_chal_409,Subtraction,1,float_tol,\boxed{6},5 red peaches and 11 green peaches are in the basket. How many more green peaches than red peaches are in the basket?  Solve this mathematical problem step-by-step. Put your final answer within \boxed{}.
410,svamp_chal_410,Addition,1,float_tol,\boxed{455},Nell collects baseball cards. She gave 301 of her cards to Jeff and now has 154 cards left.. How many cards did Nell have initially?  Solve this mathematical problem step-by-step. Put your final answer within \boxed{}.
411,svamp_chal_411,Addition,1,float_tol,\boxed{33},"Julia played tag with 15 kids on monday, 18 kids on tuesday and 97 kids on wednesday. How many kids did she play with on monday and tuesday?  Solve this mathematical problem step-by-step. Put your final answer within \boxed{}."
412,svamp_chal_412,Subtraction,1,float_tol,\boxed{7},"Rachel had to complete 9 pages of math homework, 2 pages of reading homework and 96 more pages of biology homework. How many more pages of math homework than reading homework did she have?  Solve this mathematical problem step-by-step. Put your final answer within \boxed{}."
413,svamp_chal_413,Addition,1,float_tol,\boxed{98},36 campers went rowing in the morning 13 campers went rowing in the afternoon and 49 campers went rowing in the evening. How many campers went rowing in all?  Solve this mathematical problem step-by-step. Put your final answer within \boxed{}.
414,svamp_chal_414,Subtraction,1,float_tol,\boxed{8},Josh had 4 marbles in his collection. He lost 16 marbles and found 8 new ones. How many more marbles did he lose than those he found?  Solve this mathematical problem step-by-step. Put your final answer within \boxed{}.
415,svamp_chal_415,Subtraction,1,float_tol,\boxed{17},Danny collects bottle caps and wrappers. He found 11 bottle caps and 28 wrappers at the park. Now he has 68 bottle caps and 51 wrappers in his collection. How many more wrappers than bottle caps did danny find at the park?  Solve this mathematical problem step-by-step. Put your final answer within \boxed{}.
416,svamp_chal_416,Subtraction,1,float_tol,\boxed{3},Dave had 59 files and 15 apps on his phone. After deleting some apps and files he had 12 apps and 30 files left. How many apps did he delete?  Solve this mathematical problem step-by-step. Put your final answer within \boxed{}.
417,svamp_chal_417,Subtraction,1,float_tol,\boxed{45},Paul had 71 books. After selling some in a garage sale he bought 38 new ones. If he has 116 books now How many more books did he buy than he sold?  Solve this mathematical problem step-by-step. Put your final answer within \boxed{}.
418,svamp_chal_418,Addition,1,float_tol,\boxed{9},Allan brought 7 balloons and 5 balls while Jake brought 6 balloons and 4 balls to the park. How many balls did Allan and Jake have in the park?  Solve this mathematical problem step-by-step. Put your final answer within \boxed{}.
419,svamp_chal_419,Common-Division,1,float_tol,\boxed{4},You have 104 dollars. How many packs of dvds can you buy if each pack costs 26 dollars?  Solve this mathematical problem step-by-step. Put your final answer within \boxed{}.
420,svamp_chal_420,Subtraction,1,float_tol,\boxed{8},Kelly has 20 nintendo games and 70 sony games. How many nintendo games does she need to give away so that she will have 12 nintendo games left?  Solve this mathematical problem step-by-step. Put your final answer within \boxed{}.
421,svamp_chal_421,Subtraction,1,float_tol,\boxed{1},Julia played tag with 11 kids on monday. She played tag with 12 kids on tuesday. How many more kids did she play with on tuesday than on monday?  Solve this mathematical problem step-by-step. Put your final answer within \boxed{}.
422,svamp_chal_422,Subtraction,1,float_tol,\boxed{1},Tiffany was collecting cans for recycling. On monday she had 8 bags of cans. The next day she found 7 more bags worth of cans. How many more bags did she have on monday than she found on the next day?  Solve this mathematical problem step-by-step. Put your final answer within \boxed{}.
423,svamp_chal_423,Common-Division,1,float_tol,\boxed{10},There are 3941 skittles in Steven's skittles collection. Steven also has 4950 erasers. If the erasers are organized into 495 groups How big is each group?  Solve this mathematical problem step-by-step. Put your final answer within \boxed{}.
424,svamp_chal_424,Subtraction,1,float_tol,\boxed{394},Because of the decision Sofia asked the students to suggest specific types of food. 457 students suggested adding mashed potatoes while others suggested adding bacon to the menu. If 63 more students suggested adding mashed potatoes than those that suggested bacon How many students suggested bacon?  Solve this mathematical problem step-by-step. Put your final answer within \boxed{}.
425,svamp_chal_425,Multiplication,1,float_tol,\boxed{5590},The Razorback t-shirt shop sells each t-shirt for $ 51 dollars. During the Arkansas and Texas tech game they offered a discount of $ 8 per t-shirt and sold 130 t-shirts. How much money did they make from selling the t-shirts?  Solve this mathematical problem step-by-step. Put your final answer within \boxed{}.
426,svamp_chal_426,Subtraction,1,float_tol,\boxed{2},5 storks and 3 birds were sitting on the fence. 4 more birds came to join them. How many more birds than storks are sitting on the fence?  Solve this mathematical problem step-by-step. Put your final answer within \boxed{}.
427,svamp_chal_427,Common-Division,1,float_tol,\boxed{15},Matthew had 29 crackers and 30 cakes. If Matthew gave equal numbers of crackers and cakes to his 2 friends How many cakes did each person eat?  Solve this mathematical problem step-by-step. Put your final answer within \boxed{}.
428,svamp_chal_428,Addition,1,float_tol,\boxed{18},There were 10 roses in the vase. Jessica cut 8 more roses from her flower garden and put them in the vase. How many roses are there in the vase now?  Solve this mathematical problem step-by-step. Put your final answer within \boxed{}.
429,svamp_chal_429,Common-Division,1,float_tol,\boxed{111},Frank was reading through his favorite book. The book had 555 pages equally distributed over 5 chapters. It took Frank 220 days to finish the book. How many pages are in each chapter?  Solve this mathematical problem step-by-step. Put your final answer within \boxed{}.
430,svamp_chal_430,Subtraction,1,float_tol,\boxed{7},Paco had 22 sweet cookies and 75 salty cookies. He ate 15 sweet cookies and 54 salty cookies. How many sweet cookies did Paco have left?  Solve this mathematical problem step-by-step. Put your final answer within \boxed{}.
431,svamp_chal_431,Subtraction,1,float_tol,\boxed{6},Mary is baking a cake. The recipe calls for 9 cups of flour and 5 cups of sugar. She already put in 3 cups of flour and 62 cups of sugar. How many more cups of flour does she need to add?  Solve this mathematical problem step-by-step. Put your final answer within \boxed{}.
432,svamp_chal_432,Common-Division,1,float_tol,\boxed{93},Each pack of dvds costs 107 dollars. If there is a discount of 106 dollars on each pack How many packs of dvds can you buy with 93 dollars?  Solve this mathematical problem step-by-step. Put your final answer within \boxed{}.
433,svamp_chal_433,Subtraction,1,float_tol,\boxed{2},There are 8 different books and 10 different movies in the ' crazy silly school ' series. If you read 19 of the books and watched 61 of the movies How many more movies than books are there in the ' crazy silly school ' series?  Solve this mathematical problem step-by-step. Put your final answer within \boxed{}.
434,svamp_chal_434,Addition,1,float_tol,\boxed{51},Bobby ate 33 pieces of candy. Then he ate 4 more. He also ate 14 pieces of chocolate. How many pieces of candy and chocolate did Bobby eat altogether?  Solve this mathematical problem step-by-step. Put your final answer within \boxed{}.
435,svamp_chal_435,Common-Division,1,float_tol,\boxed{4},Bryan took a look at his books as well. He has 7 bookshelves with each having the same number of books. If he has a total of 28 books How many books are there in each bookshelf?  Solve this mathematical problem step-by-step. Put your final answer within \boxed{}.
436,svamp_chal_436,Common-Division,1,float_tol,\boxed{3},Melissa scored 12 points in each game. If she scored a total of 36 points How many games did she play?  Solve this mathematical problem step-by-step. Put your final answer within \boxed{}.
437,svamp_chal_437,Addition,1,float_tol,\boxed{14},Rachel had to complete 8 pages of math homework. If she had to complete 6 more pages of reading homework than math homework How many pages of reading homework did she have to complete?  Solve this mathematical problem step-by-step. Put your final answer within \boxed{}.
438,svamp_chal_438,Addition,1,float_tol,\boxed{8},Jack received 6 emails and sent 91 letters in the morning. He then received 2 emails and sent 74 letters in the afternoon. How many emails did Jack receive in the day?  Solve this mathematical problem step-by-step. Put your final answer within \boxed{}.
439,svamp_chal_439,Subtraction,1,float_tol,\boxed{5},At the arcade Dave had won 7 tickets. He used some tickets to buy toys. If he still has 2 tickets left How many tickets did Dave use to buy toys?  Solve this mathematical problem step-by-step. Put your final answer within \boxed{}.
440,svamp_chal_440,Subtraction,1,float_tol,\boxed{5},Every day Ryan spends 7 hours on learning english and some more hours on learning chinese. If he spends 2 hours more on learning english than on learning chinese How many hours does he spend on learning chinese?  Solve this mathematical problem step-by-step. Put your final answer within \boxed{}.
441,svamp_chal_441,Addition,1,float_tol,\boxed{141},Katie had 91 ds games and her new friends had 88 games and old friends had 53 games. How many games do her friends have in all?  Solve this mathematical problem step-by-step. Put your final answer within \boxed{}.
442,svamp_chal_442,Addition,1,float_tol,\boxed{587},Paul got a box of some crayons for his birthday. During the school year he gave 52 crayons to his friends while he lost 535 crayons. If he only had 492 crayons left How many crayons had been lost or given away?  Solve this mathematical problem step-by-step. Put your final answer within \boxed{}.
443,svamp_chal_443,Multiplication,1,float_tol,\boxed{35624},"Being his favorite, he saved checking on the grapevines for his last stop. He was told by 294 of the pickers that they fill 244 drums of grapes per day and 47 drums of raspberries per day. How many drums of grapes would be filled in 146 days?  Solve this mathematical problem step-by-step. Put your final answer within \boxed{}."
444,svamp_chal_444,Subtraction,1,float_tol,\boxed{2},Jake has 7 fewer peaches than Steven and 8 more peaches than Jill. Steven has 17 peaches. How many peaches does Jill have?  Solve this mathematical problem step-by-step. Put your final answer within \boxed{}.
445,svamp_chal_445,Subtraction,1,float_tol,\boxed{8},"2 red peaches, 6 yellow peaches and 14 green peaches are in the basket. How many more green peaches than yellow peaches are in the basket?  Solve this mathematical problem step-by-step. Put your final answer within \boxed{}."
446,svamp_chal_446,Multiplication,1,float_tol,\boxed{1891},A book has 31 chapters. Each chapter is 61 pages long. How many pages does the book have altogether?  Solve this mathematical problem step-by-step. Put your final answer within \boxed{}.
447,svamp_chal_447,Common-Division,1,float_tol,\boxed{5},Brenda's mother made cookies for guests. Each guest had 2 cookies. If she prepared a total of 10 cookies How many guests did she prepare cookies for?  Solve this mathematical problem step-by-step. Put your final answer within \boxed{}.
448,svamp_chal_448,Subtraction,1,float_tol,\boxed{1},Every day Ryan spends a total of 3 hours on learning english and chinese. If he spends 2 hours on learning english everyday How many hours does he spend on learning chinese?  Solve this mathematical problem step-by-step. Put your final answer within \boxed{}.
449,svamp_chal_449,Multiplication,1,float_tol,\boxed{17017},"Being his favorite, he saved checking on the grapevines for his last stop. He was told by 235 of the pickers that they fill 100 drums of raspberries per day and 221 drums of grapes per day. How many drums of grapes would be filled in 77 days?  Solve this mathematical problem step-by-step. Put your final answer within \boxed{}."
450,svamp_chal_450,Subtraction,1,float_tol,\boxed{58},Bobby ate 38 pieces of candy. Then he ate 36 more. He also ate 16 pieces of chocolate. How many more pieces of candy than chocolate did Bobby eat?  Solve this mathematical problem step-by-step. Put your final answer within \boxed{}.
451,svamp_chal_451,Common-Division,1,float_tol,\boxed{3},He then went to see the oranges being harvested. He found out that they harvested 54 sacks of oranges. How many days did it take to harvest them if they harvested 18 sacks of oranges per day?  Solve this mathematical problem step-by-step. Put your final answer within \boxed{}.
452,svamp_chal_452,Common-Division,1,float_tol,\boxed{5},A mailman has to give 25 pieces of junk mail to each block. If he gives 5 mails to each house in a block How many houses are there in a block?  Solve this mathematical problem step-by-step. Put your final answer within \boxed{}.
453,svamp_chal_453,Subtraction,1,float_tol,\boxed{3},A waiter had 8 customers. After some left he still had 5 customers. Then he got 99 new customers How many customers left?  Solve this mathematical problem step-by-step. Put your final answer within \boxed{}.
454,svamp_chal_454,Subtraction,1,float_tol,\boxed{4},Jake has 3 fewer peaches and 4 more apples than Steven. Steven has 19 apples and 15 peaches. How many more apples than peaches does Steven have?  Solve this mathematical problem step-by-step. Put your final answer within \boxed{}.
455,svamp_chal_455,Subtraction,1,float_tol,\boxed{1},Every day Ryan spends 6 hours on learning english and 7 hours on learning chinese. How many more hours does he spend on learning chinese than he does on learning english?  Solve this mathematical problem step-by-step. Put your final answer within \boxed{}.
456,svamp_chal_456,Addition,1,float_tol,\boxed{10},4 birds and 46 storks were sitting on the fence. 6 more birds came to join them. How many birds are sitting on the fence?  Solve this mathematical problem step-by-step. Put your final answer within \boxed{}.
457,svamp_chal_457,Subtraction,1,float_tol,\boxed{21},Paco had 28 cookies. He ate some of them and had 7 cookies left. How many cookies did Paco eat?  Solve this mathematical problem step-by-step. Put your final answer within \boxed{}.
458,svamp_chal_458,Common-Division,1,float_tol,\boxed{4},Matthew had 8 crackers to give to friends. If Matthew gave 2 crackers to each his friends How many friends did he give crackers to?  Solve this mathematical problem step-by-step. Put your final answer within \boxed{}.
459,svamp_chal_459,Addition,1,float_tol,\boxed{71},41 campers went rowing and 4 campers went hiking in the morning. 26 campers went rowing in the afternoon. How many campers went rowing and hiking in all?  Solve this mathematical problem step-by-step. Put your final answer within \boxed{}.
460,svamp_chal_460,Subtraction,1,float_tol,\boxed{34},Paco had 13 cookies. He ate 2 of them. Then he bought 36 more cookies How many more cookies did he buy than those he ate?  Solve this mathematical problem step-by-step. Put your final answer within \boxed{}.
461,svamp_chal_461,Addition,1,float_tol,\boxed{58},Zachary did 19 push-ups in gym class today. David did 39 more push-ups than Zachary. John did 13 push-ups less than david. How many push-ups did David do?  Solve this mathematical problem step-by-step. Put your final answer within \boxed{}.
462,svamp_chal_462,Subtraction,1,float_tol,\boxed{3},Mary is baking a cake. The recipe calls for 12 cups of flour 14 cups of sugar and 7 cups of salt. She already put in 2 cups of flour. How many more cups of flour than cups of salt does she need to add now?  Solve this mathematical problem step-by-step. Put your final answer within \boxed{}.
463,svamp_chal_463,Subtraction,1,float_tol,\boxed{2},There were 15 roses in the vase. Jessica threw away 33 roses from the vase and cut some more new roses from her flower garden to put in the vase. There are now 17 roses in the vase. How many more roses did she cut than those she threw away?  Solve this mathematical problem step-by-step. Put your final answer within \boxed{}.
464,svamp_chal_464,Subtraction,1,float_tol,\boxed{60},Last week Fred had 49 dollars and Jason had 3 dollars. Fred washed cars over the weekend and now has 112 dollars. Jason delivered newspapers and now has 63 dollars. How much money did Jason earn by delivering newspapers?  Solve this mathematical problem step-by-step. Put your final answer within \boxed{}.
465,svamp_chal_465,Subtraction,1,float_tol,\boxed{9},Jake has 7 fewer peaches than Steven and 9 more peaches than Jill. Steven has 16 peaches. How many peaches does Jake have?  Solve this mathematical problem step-by-step. Put your final answer within \boxed{}.
466,svamp_chal_466,Subtraction,1,float_tol,\boxed{3},46 campers went rowing on a day. 43 campers went rowing in the morning and some more campers went rowing in the afternoon. How many campers went rowing in the afternoon?  Solve this mathematical problem step-by-step. Put your final answer within \boxed{}.
467,svamp_chal_467,Addition,1,float_tol,\boxed{756},The ring toss game at the carnival made 382 dollars in the first 44 days and 374 dollars in the remaining 10 days. How much did they make in all?  Solve this mathematical problem step-by-step. Put your final answer within \boxed{}.
468,svamp_chal_468,Subtraction,1,float_tol,\boxed{31},A book has 2 chapters. The second chapter is 36 pages long. If there are a total of 67 pages in the book How many pages are in the first chapter?  Solve this mathematical problem step-by-step. Put your final answer within \boxed{}.
469,svamp_chal_469,Subtraction,1,float_tol,\boxed{3},Carol was sending out birthday invitations to her friends. Each package of invitations she bought had 3 invitations in it and she bought 2 packs. If she wants to invite 9 friends How many extra invitations will she need to buy?  Solve this mathematical problem step-by-step. Put your final answer within \boxed{}.
470,svamp_chal_470,Subtraction,1,float_tol,\boxed{30},Zachary did 15 push-ups in gym class today. David did 39 more push-ups than Zachary. John did 9 push-ups less than David. How many more push-ups did Zachary do than John?  Solve this mathematical problem step-by-step. Put your final answer within \boxed{}.
471,svamp_chal_471,Subtraction,1,float_tol,\boxed{17},Ed had 2 more marbles than Doug. Doug lost some of his marbles at the playground. Now Ed has 19 more marbles than doug. How many marbles did Doug lose?  Solve this mathematical problem step-by-step. Put your final answer within \boxed{}.
472,svamp_chal_472,Common-Division,1,float_tol,\boxed{112},There are 896 skittles in Steven's skittles collection. Steven also has 517 erasers and 90 scales. If the skittles are organized into 8 groups How big is each group?  Solve this mathematical problem step-by-step. Put your final answer within \boxed{}.
473,svamp_chal_473,Common-Division,1,float_tol,\boxed{3},Rebecca wants to split a collection of eggs into groups of 5. Rebecca has 10 marbles and 15 eggs. How many groups will be created?  Solve this mathematical problem step-by-step. Put your final answer within \boxed{}.
474,svamp_chal_474,Subtraction,1,float_tol,\boxed{140},Paul had 95 pens and 153 books. After selling some books and pens in a garage sale he had 13 books and 23 pens left. How many books did he sell in the garage sale?  Solve this mathematical problem step-by-step. Put your final answer within \boxed{}.
475,svamp_chal_475,Common-Division,1,float_tol,\boxed{102},Frank was reading through his favorite book. The book had 612 pages equally distributed over 24 chapters. It took Frank 6 days to finish the book. How many pages did he read per day?  Solve this mathematical problem step-by-step. Put your final answer within \boxed{}.
476,svamp_chal_476,Common-Division,1,float_tol,\boxed{1},There are 10 peaches distributed equally in some baskets. If each basket has 4 red peaches and 6 green peaches How many baskets of peaches are there?  Solve this mathematical problem step-by-step. Put your final answer within \boxed{}.
477,svamp_chal_477,Common-Division,1,float_tol,\boxed{89},Lewis earns $ 2 every week during the harvest. If he earns a total of $ 178 How many weeks did the harvest last?  Solve this mathematical problem step-by-step. Put your final answer within \boxed{}.
478,svamp_chal_478,Subtraction,1,float_tol,\boxed{6},Danny collects bottle caps. He threw away 54 of the old ones at the park while he found 48 bottle caps new ones. Now he has 52 bottle caps in his collection. How many more bottle caps did danny throw away than those he found at the park?  Solve this mathematical problem step-by-step. Put your final answer within \boxed{}.
479,svamp_chal_479,Multiplication,1,float_tol,\boxed{1080},He then went to see the oranges being harvested. He found out that they harvest 31 sacks of ripe oranges and 24 sacks of unripe oranges per day. How many sacks of unripe oranges will they have after 45 days of harvest?  Solve this mathematical problem step-by-step. Put your final answer within \boxed{}.
480,svamp_chal_480,Subtraction,1,float_tol,\boxed{66},The grasshopper and the frog had a jumping contest. The grasshopper jumped 35 inches. The grasshopper jumped 4 inches farther than the frog. How much did they jump altogether?  Solve this mathematical problem step-by-step. Put your final answer within \boxed{}.
481,svamp_chal_481,Multiplication,1,float_tol,\boxed{25740},The Razorback shop makes $ 67 dollars off each t-shirt and $ 165 off each jersey. During the Arkansas and Texas tech game they sold 74 t-shirts and 156 jerseys. How much money did they make from selling the jerseys?  Solve this mathematical problem step-by-step. Put your final answer within \boxed{}.
482,svamp_chal_482,Multiplication,1,float_tol,\boxed{60},After resting they decided to go for a swim. The depth of the water is 5 times Ron's height. Dean is 11 feet shorter than Ron. If Ron stands at 12 feet How deep was the water?  Solve this mathematical problem step-by-step. Put your final answer within \boxed{}.
483,svamp_chal_483,Multiplication,1,float_tol,\boxed{109044},There are 466 pots. Each pot has 53 flowers and 181 sticks in it. How many flowers and sticks are there in all?  Solve this mathematical problem step-by-step. Put your final answer within \boxed{}.
484,svamp_chal_484,Subtraction,1,float_tol,\boxed{322},Paul got a box of 110 crayons for his birthday. During the school year he gave 90 crayons to his friends while he lost 412 crayons. How many more crayons did he lose than those he gave to his friends?  Solve this mathematical problem step-by-step. Put your final answer within \boxed{}.
485,svamp_chal_485,Subtraction,1,float_tol,\boxed{333},In a school there are 569 girls and 236 boys. How many more girls than boys does the school have?  Solve this mathematical problem step-by-step. Put your final answer within \boxed{}.
486,svamp_chal_486,Multiplication,1,float_tol,\boxed{390},He then went to see the oranges being harvested. He found out that they harvest 65 sacks of unripe oranges and 46 sacks of ripe oranges per day. How many sacks of unripe oranges will they have after 6 days of harvest?  Solve this mathematical problem step-by-step. Put your final answer within \boxed{}.
487,svamp_chal_487,Subtraction,1,float_tol,\boxed{68},The Ferris wheel in paradise park has 6 seats. Each seat can hold 14 people. If there are 16 people on the wheel right now How many more people can join the wheel?  Solve this mathematical problem step-by-step. Put your final answer within \boxed{}.
488,svamp_chal_488,Common-Division,1,float_tol,\boxed{9},Debby bought 153 water bottles when they were on sale. She drank the same number of bottles each day. If the bottles lasted for 17 days How many bottles did she drink each day?  Solve this mathematical problem step-by-step. Put your final answer within \boxed{}.
489,svamp_chal_489,Multiplication,1,float_tol,\boxed{405},Robin has 21 packages of gum and 45 packages of candy. There are 9 pieces in each package. How many pieces of candies does Robin have?  Solve this mathematical problem step-by-step. Put your final answer within \boxed{}.
490,svamp_chal_490,Subtraction,1,float_tol,\boxed{25},After Olivia visited a supermarket there were 29 dollars left. If there were 54 dollars in her wallet initially How much did she spend?  Solve this mathematical problem step-by-step. Put your final answer within \boxed{}.
491,svamp_chal_491,Subtraction,1,float_tol,\boxed{16},Haley grew 20 trees in her backyard. After a typhoon 4 trees were left. How many trees died in the typhoon?  Solve this mathematical problem step-by-step. Put your final answer within \boxed{}.
492,svamp_chal_492,Subtraction,1,float_tol,\boxed{8},Jake has 7 fewer peaches than Steven who has 14 more peaches than Jill. Steven has 15 peaches. How many peaches does Jake have?  Solve this mathematical problem step-by-step. Put your final answer within \boxed{}.
493,svamp_chal_493,Multiplication,1,float_tol,\boxed{324775},Lewis earns $ 491 every week during the 1181 weeks of harvest. If he has to pay $ 216 rent every week How much money will have at the end of the harvest season?  Solve this mathematical problem step-by-step. Put your final answer within \boxed{}.
494,svamp_chal_494,Subtraction,1,float_tol,\boxed{92},Paul had 51 books and 106 pens. After selling some books and pens in a garage sale he had 82 books and 14 pens left. How many pens did he sell in the garage sale?  Solve this mathematical problem step-by-step. Put your final answer within \boxed{}.
495,svamp_chal_495,Subtraction,1,float_tol,\boxed{4},Zachary did 44 push-ups and 17 crunches in gym class today. David did 29 more push-ups but 13 less crunches than zachary. How many crunches did David do?  Solve this mathematical problem step-by-step. Put your final answer within \boxed{}.
496,svamp_chal_496,Subtraction,1,float_tol,\boxed{23},Paul had 42 pens and 143 books. After selling some books and pens in a garage sale he had 113 books and 19 pens left. How many pens did he sell in the garage sale?  Solve this mathematical problem step-by-step. Put your final answer within \boxed{}.
497,svamp_chal_497,Subtraction,1,float_tol,\boxed{12},Danny collects bottle caps and wrappers. He found 71 bottle caps and 24 wrappers at the park. Now he has 28 bottle caps and 16 wrappers in his collection. How many more bottle caps than wrappers does danny have now?  Solve this mathematical problem step-by-step. Put your final answer within \boxed{}.
498,svamp_chal_498,Subtraction,1,float_tol,\boxed{1},Dan has $ 4. He bought 99 candy bar for $ 3 each one costing the same amount of money. How much money is left?  Solve this mathematical problem step-by-step. Put your final answer within \boxed{}.
499,svamp_chal_499,Subtraction,1,float_tol,\boxed{9},5 children were riding on the bus. At the bus stop 63 children got off the bus while some more got on the bus. Then there were 14 children altogether on the bus. How many more children got on the bus than those that got off?  Solve this mathematical problem step-by-step. Put your final answer within \boxed{}.
500,svamp_chal_500,Common-Division,1,float_tol,\boxed{12},Debby bought 95 soda bottles and 180 water bottles when they were on sale. If she drank 15 water bottles and 54 soda bottles a day How many days would the water bottles last?  Solve this mathematical problem step-by-step. Put your final answer within \boxed{}.
501,svamp_chal_501,Subtraction,1,float_tol,\boxed{2},Mary is baking a cake. The recipe calls for 3 cups of sugar and 10 cups of flour. She already put in some cups of flour. If she still needs 5 more cups of flour than sugar How many cups of flour did she put in?  Solve this mathematical problem step-by-step. Put your final answer within \boxed{}.
502,svamp_chal_502,Multiplication,1,float_tol,\boxed{70},Faye had 35 packs of pencils each one having 4 pencils. She was placing her pencils into rows with 2 pencils in each row. How many rows could she make?  Solve this mathematical problem step-by-step. Put your final answer within \boxed{}.
503,svamp_chal_503,Multiplication,1,float_tol,\boxed{5700},Each Ferris wheel in paradise park has 19 seats. Each seat in a Ferris wheel can hold 15 people. How many people can ride 20 Ferris wheels at the same time?  Solve this mathematical problem step-by-step. Put your final answer within \boxed{}.
504,svamp_chal_504,Subtraction,1,float_tol,\boxed{17},Bobby had 19 pieces of candy. He ate 2 pieces of candy. How many pieces of candy does he still have left?  Solve this mathematical problem step-by-step. Put your final answer within \boxed{}.
505,svamp_chal_505,Addition,1,float_tol,\boxed{52},Bobby had 20 pieces of candy. He ate 34 pieces of candy. Then he ate 18 more. How many pieces of candy did Bobby eat?  Solve this mathematical problem step-by-step. Put your final answer within \boxed{}.
506,svamp_chal_506,Subtraction,1,float_tol,\boxed{57},"After eating a hearty meal they went to see the Buckingham palace. There, Rachel learned that 705 visitors came to the Buckingham palace that day. If there were 191 visitors the previous day and 457 visitors the day before that How many more visitors visited the Buckingham palace on that day than on the previous 245 days?  Solve this mathematical problem step-by-step. Put your final answer within \boxed{}."
507,svamp_chal_507,Subtraction,1,float_tol,\boxed{42},Paul had 108 books and 55 pens. After selling some books and pens in a garage sale he had 66 books and 59 pens left. How many books did he sell in the garage sale?  Solve this mathematical problem step-by-step. Put your final answer within \boxed{}.
508,svamp_chal_508,Subtraction,1,float_tol,\boxed{19},Marco and his dad went strawberry picking. Marco's dad's strawberries weighed 11 pounds. If together their strawberries weighed 30 pounds. How much did Marco's strawberries weigh?  Solve this mathematical problem step-by-step. Put your final answer within \boxed{}.
509,svamp_chal_509,Addition,1,float_tol,\boxed{20},"Julia played tag with 5 kids on monday, 9 kids on tuesday and 15 kids on wednesday. How many kids did she play with on monday and wednesday?  Solve this mathematical problem step-by-step. Put your final answer within \boxed{}."
510,svamp_chal_510,Subtraction,1,float_tol,\boxed{22},Marco and his dad went strawberry picking. Marco's strawberries weighed 15 pounds. If together their strawberries weighed 37 pounds. How much did his dad's strawberries weigh?  Solve this mathematical problem step-by-step. Put your final answer within \boxed{}.
511,svamp_chal_511,Common-Division,1,float_tol,\boxed{2},Shirley sold 10 boxes of trefoils. How many boxes are in each case if she needs to deliver 5 cases of boxes?  Solve this mathematical problem step-by-step. Put your final answer within \boxed{}.
512,svamp_chal_512,Subtraction,1,float_tol,\boxed{367},Paul got a box of 521 crayons and 66 erasers for his birthday. At the end of the school year he only had 154 left while not having lost a single erasers. How many crayons had been lost or given away?  Solve this mathematical problem step-by-step. Put your final answer within \boxed{}.
513,svamp_chal_513,Subtraction,1,float_tol,\boxed{20},David did 56 more push-ups than Zachary in gym class today. If David did 38 push-ups How many push-ups did Zachary and David do altogether?  Solve this mathematical problem step-by-step. Put your final answer within \boxed{}.
514,svamp_chal_514,Subtraction,1,float_tol,\boxed{16},Danny collects bottle caps and wrappers. He found 10 bottle caps and 62 wrappers at the park. Now he has 27 bottle caps and 43 wrappers in his collection. How many more wrappers than bottle caps does danny have now?  Solve this mathematical problem step-by-step. Put your final answer within \boxed{}.
515,svamp_chal_515,Addition,1,float_tol,\boxed{14},Tiffany was collecting cans for recycling. On monday she had 8 bags of cans. She found 10 bags of cans on the next day and 4 bags of cans the day after that. How many bags did she find after monday?  Solve this mathematical problem step-by-step. Put your final answer within \boxed{}.
516,svamp_chal_516,Multiplication,1,float_tol,\boxed{42},Faye was placing her pencils into rows with 16 pencils in each row. She had 28 packs of pencils each one having 24 pencils. How many rows could she make?  Solve this mathematical problem step-by-step. Put your final answer within \boxed{}.
517,svamp_chal_517,Subtraction,1,float_tol,\boxed{5},4 birds and 3 storks were sitting on the fence. 6 more storks came to join them. How many more storks than birds are sitting on the fence?  Solve this mathematical problem step-by-step. Put your final answer within \boxed{}.
518,svamp_chal_518,Subtraction,1,float_tol,\boxed{4},Jessie weighed 114 kilograms. After she started to go jogging everyday she lost 50 kilograms in the first week and 60 kilograms in the second week. How much does she weigh now?  Solve this mathematical problem step-by-step. Put your final answer within \boxed{}.
519,svamp_chal_519,Common-Division,1,float_tol,\boxed{20},6 packs of dvds can be bought with 120 dollars. How much does each pack cost?  Solve this mathematical problem step-by-step. Put your final answer within \boxed{}.
520,svamp_chal_520,Subtraction,1,float_tol,\boxed{6},"Julia played tag with 14 kids on monday, 2 kids on tuesday and 8 kids on wednesday. How many more kids did she play with on monday than on wednesday?  Solve this mathematical problem step-by-step. Put your final answer within \boxed{}."
521,svamp_chal_521,Addition,1,float_tol,\boxed{1541},"There were 73 parents, 724 pupils and 744 teachers in the program. How many people were present in the program?  Solve this mathematical problem step-by-step. Put your final answer within \boxed{}."
522,svamp_chal_522,Addition,1,float_tol,\boxed{19},At the stop 8 more people got on the train. Initially there were 11 people on the train. How many people are there on the train now?  Solve this mathematical problem step-by-step. Put your final answer within \boxed{}.
523,svamp_chal_523,Common-Division,1,float_tol,\boxed{1},Frank had 33 pieces of candy. He lost 24 of them. If he put the remaining pieces into bags with 9 pieces in each bag How many bags would he have?  Solve this mathematical problem step-by-step. Put your final answer within \boxed{}.
524,svamp_chal_524,Common-Division,1,float_tol,\boxed{17},Bryan took a look at his books as well. If he has 34 books distributed equally in 2 bookshelves How many books are there in each bookshelf?  Solve this mathematical problem step-by-step. Put your final answer within \boxed{}.
525,svamp_chal_525,Subtraction,1,float_tol,\boxed{5},A waiter had 3 customers. After some more arrived he had 8 customers. How many new customers arrived?  Solve this mathematical problem step-by-step. Put your final answer within \boxed{}.
526,svamp_chal_526,Common-Division,1,float_tol,\boxed{2},Brenda's mother made cookies for guests. If she prepared 38 cookies and each of them had 19 cookies How many guests did she prepare cookies for?  Solve this mathematical problem step-by-step. Put your final answer within \boxed{}.
527,svamp_chal_527,Common-Division,1,float_tol,\boxed{3},"They decided to hold the party in their backyard. They have some sets of tables, each having the 3 chairs. If there are a total of 9 chairs in the backyard How many sets of tables do they have?  Solve this mathematical problem step-by-step. Put your final answer within \boxed{}."
528,svamp_chal_528,Common-Division,1,float_tol,\boxed{14},Luke played a trivia game and scored 154 points. If he gained the 11 points in each round How many rounds did he play?  Solve this mathematical problem step-by-step. Put your final answer within \boxed{}.
529,svamp_chal_529,Subtraction,1,float_tol,\boxed{1},"Jack received 3 emails in the afternoon, 6 emails in the morning and some more in the evening. If he received a total of 10 emails in the day How many emails did jack receive in the evening?  Solve this mathematical problem step-by-step. Put your final answer within \boxed{}."
530,svamp_chal_530,Addition,1,float_tol,\boxed{10},There are 65 baskets of peaches. Each basket has 7 red peaches and 3 green peaches. How many peaches are in each basket?  Solve this mathematical problem step-by-step. Put your final answer within \boxed{}.
531,svamp_chal_531,Subtraction,1,float_tol,\boxed{3},The school is planning a field trip. The school has 102 classrooms. There are 11 students in the school and 99 seats on each school bus. If 8 students do n't want to go for the trip How many students are going on the trip?  Solve this mathematical problem step-by-step. Put your final answer within \boxed{}.
532,svamp_chal_532,Subtraction,1,float_tol,\boxed{149},Jesse's room is 11 feet long and 15 feet wide. If she already has 16 square feet of carpet How much more carpet does she need to cover the whole floor?  Solve this mathematical problem step-by-step. Put your final answer within \boxed{}.
533,svamp_chal_533,Subtraction,1,float_tol,\boxed{1},Jake has 6 fewer peaches and 8 more apples than Steven. Steven has 17 peaches and 16 apples. How many more peaches than apples does Steven have?  Solve this mathematical problem step-by-step. Put your final answer within \boxed{}.
534,svamp_chal_534,Subtraction,1,float_tol,\boxed{69},Danny collects bottle caps. He threw away 60 of the old ones at the park while he found 58 bottle caps new ones. Now he has 67 bottle caps in his collection. How many bottle caps did danny have at first?  Solve this mathematical problem step-by-step. Put your final answer within \boxed{}.
535,svamp_chal_535,Subtraction,1,float_tol,\boxed{168},Nell collects baseball cards. She had 573 cards. She gave 195 cards to John and yet some more to Jeff. Now she has 210 cards left. How many cards did Nell give to Jeff?  Solve this mathematical problem step-by-step. Put your final answer within \boxed{}.
536,svamp_chal_536,Subtraction,1,float_tol,\boxed{481},Next on his checklist is wax to stick the feathers together. If he currently has 11 g of wax and the feathers require a total of 492 g of wax How many more grams of wax does he need?  Solve this mathematical problem step-by-step. Put your final answer within \boxed{}.
537,svamp_chal_537,Addition,1,float_tol,\boxed{14},Winter is almost here and most animals are migrating to warmer countries. There are 49 bird families living near the mountain. 59 bird families flew away for winter and 24 new bird families came to live near the mountain from the arctic. How many bird families were left near the mountain?  Solve this mathematical problem step-by-step. Put your final answer within \boxed{}.
538,svamp_chal_538,Subtraction,1,float_tol,\boxed{7},Steven has 19 peaches. Jake has 12 fewer peaches than Steven and 72 more peaches than Jill. How many peaches does Jake have?  Solve this mathematical problem step-by-step. Put your final answer within \boxed{}.
539,svamp_chal_539,Addition,1,float_tol,\boxed{33},Josh had some marbles in his collection. He lost 21 marbles. If he has 12 marbles now How many marbles did he have in his collection?  Solve this mathematical problem step-by-step. Put your final answer within \boxed{}.
540,svamp_chal_540,Multiplication,1,float_tol,\boxed{1463},He had 15 aquariums for saltwater animals and 62 aquariums for freshwater animals. Each aquarium has 19 animals in it. How many animals does he have in total?  Solve this mathematical problem step-by-step. Put your final answer within \boxed{}.
541,svamp_chal_541,Addition,1,float_tol,\boxed{128},Jessie currently weighs 27 kilograms. After she started to go jogging everyday she lost 101 kilograms. How much did she weigh before starting to jog?  Solve this mathematical problem step-by-step. Put your final answer within \boxed{}.
542,svamp_chal_542,Addition,1,float_tol,\boxed{5},Dan has $ 3 left with him after he bought a candy bar for $ 2. How much money did he have initially?  Solve this mathematical problem step-by-step. Put your final answer within \boxed{}.
543,svamp_chal_543,Addition,1,float_tol,\boxed{67},Zachary did 53 push-ups and 14 crunches in gym class today. David did 17 more push-ups but 10 less crunches than zachary. How many push-ups and crunches did Zachary do?  Solve this mathematical problem step-by-step. Put your final answer within \boxed{}.
544,svamp_chal_544,Subtraction,1,float_tol,\boxed{68},A book has 3 chapters. The first chapter is 91 pages long the second chapter is 23 pages long and the third chapter is 25 pages long. How many more pages does the first chapter have than the second chapter?  Solve this mathematical problem step-by-step. Put your final answer within \boxed{}.
545,svamp_chal_545,Subtraction,1,float_tol,\boxed{1},Danny collects bottle caps. He found 36 bottle caps at the park while he threw away 35 old ones. Now he has 22 bottle caps in his collection. How many more bottle caps did danny find at the park than those he threw away?  Solve this mathematical problem step-by-step. Put your final answer within \boxed{}.
546,svamp_chal_546,Subtraction,1,float_tol,\boxed{1},Dan has $ 4. For a total of $ 3 he bought 10 candy bar each one costing the same amount of money. How much money is left?  Solve this mathematical problem step-by-step. Put your final answer within \boxed{}.
547,svamp_chal_547,Subtraction,1,float_tol,\boxed{1},Mary is baking a cake. The recipe calls for 6 cups of sugar and 9 cups of flour. She already put in 2 cups of flour. How many more cups of flour than cups of sugar does she need to add now?  Solve this mathematical problem step-by-step. Put your final answer within \boxed{}.
548,svamp_chal_548,Subtraction,1,float_tol,\boxed{31},"At the zoo, a cage had 95 snakes and 61 alligators. If 64 snakes were hiding How many snakes were not hiding?  Solve this mathematical problem step-by-step. Put your final answer within \boxed{}."
549,svamp_chal_549,Common-Division,1,float_tol,\boxed{3},Emily is making bead necklaces for her friends. She was able to make 6 necklaces and she had 18 beads. How many beads did each necklace need?  Solve this mathematical problem step-by-step. Put your final answer within \boxed{}.
550,svamp_chal_550,Addition,1,float_tol,\boxed{10},Tiffany was collecting cans for recycling. On monday she had 3 bags of cans. The next day she found 7 more bags of cans and 44 bags of bottles. How many bags of cans did she have altogether?  Solve this mathematical problem step-by-step. Put your final answer within \boxed{}.
551,svamp_chal_551,Common-Division,1,float_tol,\boxed{5},Robin has some packages of gum. There are 7 pieces in each package. Robin has 6 extra pieces of gum. In all the number of pieces of gums robin has is 41. How many packages does Robin have?  Solve this mathematical problem step-by-step. Put your final answer within \boxed{}.
552,svamp_chal_552,Subtraction,1,float_tol,\boxed{15},Baker made 155 cakes. If his friend bought 140 cakes from him How many cakes would baker still have?  Solve this mathematical problem step-by-step. Put your final answer within \boxed{}.
553,svamp_chal_553,Subtraction,1,float_tol,\boxed{8},2 children were riding on the bus. At the bus stop some more children got on the bus. Then there were 10 children altogether on the bus. How many more children are on the bus now than there were before the bus stop?  Solve this mathematical problem step-by-step. Put your final answer within \boxed{}.
554,svamp_chal_554,Subtraction,1,float_tol,\boxed{6},Danny collects bottle caps and wrappers. He found 22 bottle caps and 8 wrappers at the park. Now he has 28 bottle caps and 63 wrappers in his collection. How many bottle caps did danny have at first?  Solve this mathematical problem step-by-step. Put your final answer within \boxed{}.
555,svamp_chal_555,Common-Division,1,float_tol,\boxed{8},For the walls of the house he would use 8 large planks of wood. If each plank of wood needs 74 pieces of nails to be secured How many planks does John need for the house wall?  Solve this mathematical problem step-by-step. Put your final answer within \boxed{}.
556,svamp_chal_556,Subtraction,1,float_tol,\boxed{1},Paco ate 36 cookies. If he had 37 cookies initially How many cookies did Paco have left?  Solve this mathematical problem step-by-step. Put your final answer within \boxed{}.
557,svamp_chal_557,Subtraction,1,float_tol,\boxed{7},Bobby had 21 pieces of candy. He ate 5 pieces of candy. Then he ate 9 more. How many pieces of candy does he still have left?  Solve this mathematical problem step-by-step. Put your final answer within \boxed{}.
558,svamp_chal_558,Subtraction,1,float_tol,\boxed{41},Baker made 54 cakes. He sold some of them. If he still has 13 cakes left How many cakes did baker sell?  Solve this mathematical problem step-by-step. Put your final answer within \boxed{}.
559,svamp_chal_559,Subtraction,1,float_tol,\boxed{150780},During summer break 819058 kids from Lawrence county go to camp and the other 668278 kids stay home. How many more kids spent their summer break at the camp compared to those who stayed home?  Solve this mathematical problem step-by-step. Put your final answer within \boxed{}.
560,svamp_chal_560,Subtraction,1,float_tol,\boxed{54},Randy has 79 blocks. He uses 14 blocks to build a tower and 11 blocks to build a house. How many blocks are left?  Solve this mathematical problem step-by-step. Put your final answer within \boxed{}.
561,svamp_chal_561,Addition,1,float_tol,\boxed{16},"Every day Ryan spends 6 hours on learning english 7 hours on learning chinese and 3 hours on learning spanish. How many hours does he spend on learning english, chinese and spanish in all?  Solve this mathematical problem step-by-step. Put your final answer within \boxed{}."
562,svamp_chal_562,Subtraction,1,float_tol,\boxed{4},2 birds were sitting on the fence. Some more birds came to join them. If there are a total of 6 birds on the fence now How many more birds had come to sit on the fence?  Solve this mathematical problem step-by-step. Put your final answer within \boxed{}.
563,svamp_chal_563,Addition,1,float_tol,\boxed{1145},In a school there are 635 girls and the rest are boys. If there are 510 more boys than girls How many boys are there in that school?  Solve this mathematical problem step-by-step. Put your final answer within \boxed{}.
564,svamp_chal_564,Subtraction,1,float_tol,\boxed{1},Jesse's room is 12 feet long and 11 feet wide. How much longer is her room than it is wide?  Solve this mathematical problem step-by-step. Put your final answer within \boxed{}.
565,svamp_chal_565,Subtraction,1,float_tol,\boxed{2},There are 16 different books and 14 different movies in the ' crazy silly school ' series. If you read 19 of the books and watched 13 of the movies How many more books than movies are there in the ' crazy silly school ' series?  Solve this mathematical problem step-by-step. Put your final answer within \boxed{}.
566,svamp_chal_566,Common-Division,1,float_tol,\boxed{2},You had 14 bags with equal number of cookies. If you had 28 cookies and 86 candies in total How many bags of cookies do you have?  Solve this mathematical problem step-by-step. Put your final answer within \boxed{}.
567,svamp_chal_567,Subtraction,1,float_tol,\boxed{4},Jerry had 2 action figures and 10 books on a shelf in his room. Later he added 4 more action figures to the shelf. How many more books than action figures were on his shelf?  Solve this mathematical problem step-by-step. Put your final answer within \boxed{}.
568,svamp_chal_568,Subtraction,1,float_tol,\boxed{1},Mary is baking a cake. The recipe calls for 5 cups of sugar and 13 cups of flour. She already put in some cups of flour. If she still needs 12 more cups of flour How many cups of flour did she put in?  Solve this mathematical problem step-by-step. Put your final answer within \boxed{}.
569,svamp_chal_569,Addition,1,float_tol,\boxed{20},"Rachel had to complete 9 pages of math homework, 11 pages of reading homework and 29 more pages of biology homework. How many pages of math and reading homework did she have to complete?  Solve this mathematical problem step-by-step. Put your final answer within \boxed{}."
570,svamp_chal_570,Common-Division,1,float_tol,\boxed{4},Paige was helping her mom plant flowers in 8 flowerbeds. They planted 32 seeds altogether. If they put same number of seeds in each flower bed How many seeds did they plant in each flowerbed?  Solve this mathematical problem step-by-step. Put your final answer within \boxed{}.
571,svamp_chal_571,Multiplication,1,float_tol,\boxed{365},He then went to see the oranges being harvested. He found out that they harvest 25 sacks of unripe oranges and 5 sacks of ripe oranges per day. How many sacks of ripe oranges will they have after 73 days of harvest?  Solve this mathematical problem step-by-step. Put your final answer within \boxed{}.
572,svamp_chal_572,Subtraction,1,float_tol,\boxed{27},Paul had 134 books. After giving 39 books to his friend and selling some books in a garage sale he had 68 books left. How many books did he sell in the garage sale?  Solve this mathematical problem step-by-step. Put your final answer within \boxed{}.
573,svamp_chal_573,Subtraction,1,float_tol,\boxed{19},Paco had 97 salty cookies and 34 sweet cookies. He ate 15 sweet cookies and 56 salty cookies. How many sweet cookies did Paco have left?  Solve this mathematical problem step-by-step. Put your final answer within \boxed{}.
574,svamp_chal_574,Multiplication,1,float_tol,\boxed{11210},The school is planning a field trip. The school has 84 classrooms. 95 school buses are fully filled with 118 seats on each school bus. How many students are in the school?  Solve this mathematical problem step-by-step. Put your final answer within \boxed{}.
575,svamp_chal_575,Multiplication,1,float_tol,\boxed{720},Faye was placing her pencils and crayons into 30 rows with 71 crayons and 24 pencils in each row. How many pencils does she have?  Solve this mathematical problem step-by-step. Put your final answer within \boxed{}.
576,svamp_chal_576,Common-Division,1,float_tol,\boxed{4},Faye was placing 12 pencils equally into 3 rows. How many pencils did she place in each row?  Solve this mathematical problem step-by-step. Put your final answer within \boxed{}.
577,svamp_chal_577,Subtraction,1,float_tol,\boxed{26},"Julia played tag with 15 kids on monday, 18 kids on tuesday and 7 kids on wednesday. How many more kids did she play with on monday and tuesday than on wednesday?  Solve this mathematical problem step-by-step. Put your final answer within \boxed{}."
578,svamp_chal_578,Subtraction,1,float_tol,\boxed{82},Baker made 133 cakes. If he sold 51 of them How many more cakes did baker make than those he sold?  Solve this mathematical problem step-by-step. Put your final answer within \boxed{}.
579,svamp_chal_579,Common-Division,1,float_tol,\boxed{9},There are 18 bananas in Philip's banana collection. If the bananas are organized into groups of size 2 How many groups are there?  Solve this mathematical problem step-by-step. Put your final answer within \boxed{}.
580,svamp_chal_580,Subtraction,1,float_tol,\boxed{90},Olivia spent 38 dollars at a supermarket. If there were 128 dollars in her wallet initially How much money does she have left?  Solve this mathematical problem step-by-step. Put your final answer within \boxed{}.
581,svamp_chal_581,Subtraction,1,float_tol,\boxed{4},Baker sold 44 cakes. If he had made 48 cakes initially How many cakes would baker still have?  Solve this mathematical problem step-by-step. Put your final answer within \boxed{}.
582,svamp_chal_582,Addition,1,float_tol,\boxed{7},Every day Ryan spends 5 hours on learning chinese and some more hours on learning english. If he spends 2 hours more on learning english than on learning chinese How many hours does he spend on learning english?  Solve this mathematical problem step-by-step. Put your final answer within \boxed{}.
583,svamp_chal_583,Subtraction,1,float_tol,\boxed{13},Rachel had to complete 8 pages of math homework. If she had to complete 3 more pages of math homework than reading homework How many pages did she have to complete in all?  Solve this mathematical problem step-by-step. Put your final answer within \boxed{}.
584,svamp_chal_584,Subtraction,1,float_tol,\boxed{4},Dan has $ 5. He bought a chocolate for $ 3 and a candy bar for $ 7. How much money did he spend to buy candy bar than he did to buy chocolate?  Solve this mathematical problem step-by-step. Put your final answer within \boxed{}.
585,svamp_chal_585,Subtraction,1,float_tol,\boxed{36},Jessie weighed 92 kilograms. After she started to go jogging everyday she lost 56 kilograms in the first week and 99 kilograms in the second week. How much did she weigh after the first week of jogging?  Solve this mathematical problem step-by-step. Put your final answer within \boxed{}.
586,svamp_chal_586,Addition,1,float_tol,\boxed{30},"Julia played tag with 2 kids on monday, 14 kids on tuesday and 16 kids on wednesday. How many kids did she play with on tuesday and wednesday?  Solve this mathematical problem step-by-step. Put your final answer within \boxed{}."
587,svamp_chal_587,Addition,1,float_tol,\boxed{5},21 children were riding on the bus. At the bus stop 10 children got off the bus while some more got on the bus. Then there were 16 children altogether on the bus. How many children got on the bus at the bus stop?  Solve this mathematical problem step-by-step. Put your final answer within \boxed{}.
588,svamp_chal_588,Addition,1,float_tol,\boxed{67},Baker made 62 cakes. Then he made 149 more cakes. He sold 144 of them. How many cakes would baker still have?  Solve this mathematical problem step-by-step. Put your final answer within \boxed{}.
589,svamp_chal_589,Addition,1,float_tol,\boxed{606},Paul got a box of some crayons for his birthday. By the end of the school year he only had 291 crayons left since he had either lost or given away 315 of them. How many crayons did he get for his birthday?  Solve this mathematical problem step-by-step. Put your final answer within \boxed{}.
590,svamp_chal_590,Addition,1,float_tol,\boxed{13},Jack received 5 emails and 6 letters in the morning. He then received 9 emails and 7 letters in the afternoon. How many letters did jack receive in the day?  Solve this mathematical problem step-by-step. Put your final answer within \boxed{}.
591,svamp_chal_591,Multiplication,1,float_tol,\boxed{93899},Lewis earns $ 403 every week during the 233 weeks of harvest. If he has to pay $ 49 rent every week How much money does he earn during harvest season?  Solve this mathematical problem step-by-step. Put your final answer within \boxed{}.
592,svamp_chal_592,Common-Division,1,float_tol,\boxed{5},He then went to see the oranges being harvested. He found out that they harvest 16 sacks per day and that each sack containes 57 oranges. How many days will it take to harvest 80 sacks of oranges?  Solve this mathematical problem step-by-step. Put your final answer within \boxed{}.
593,svamp_chal_593,Common-Division,1,float_tol,\boxed{14},Robin has some packages of gum. There are 3 pieces in each package and a total of 42 pieces of gum. How many packages does Robin have?  Solve this mathematical problem step-by-step. Put your final answer within \boxed{}.
594,svamp_chal_594,Common-Division,1,float_tol,\boxed{43},During the Arkansas and Texas tech game the Razorback t-shirt shop made $ 215 by selling 5 t-shirts. What is the cost of each t-shirt?  Solve this mathematical problem step-by-step. Put your final answer within \boxed{}.
595,svamp_chal_595,Subtraction,1,float_tol,\boxed{31},"The grasshopper, the frog and the mouse had a jumping contest. The grasshopper jumped 25 inches. The frog jumped 32 inches farther than the grasshopper and the mouse jumped 26 inches lesser than the frog. How far did the mouse jump?  Solve this mathematical problem step-by-step. Put your final answer within \boxed{}."
596,svamp_chal_596,Multiplication,1,float_tol,\boxed{600},He then went to see the oranges being harvested. He found out that they harvest 76 sacks per day and discard 64 of them. How many oranges do they harvest per day if each sack contains 50 oranges?  Solve this mathematical problem step-by-step. Put your final answer within \boxed{}.
597,svamp_chal_597,Common-Division,1,float_tol,\boxed{2},Jesse's room is 7 feet wide. If she needs a carpet of size 14 square feet What is the length of her room?  Solve this mathematical problem step-by-step. Put your final answer within \boxed{}.
598,svamp_chal_598,Multiplication,1,float_tol,\boxed{12},Every day Ryan spends 6 hours on learning english and 5 hours on learning chinese. If he learns for 2 days How many hours does he spend on learning english in all?  Solve this mathematical problem step-by-step. Put your final answer within \boxed{}.
599,svamp_chal_599,Addition,1,float_tol,\boxed{21},Ed had 10 more marbles than Doug. Doug lost 11 of his marbles at the playground. If Ed had 45 marbles How many more marbles did Ed have than Doug then?  Solve this mathematical problem step-by-step. Put your final answer within \boxed{}.
600,svamp_chal_600,Subtraction,1,float_tol,\boxed{68},Carol was sending out birthday invitations to her friends. Each package of invitations she bought had 10 invitations in it and she bought 7 packs. If she sends invitations to only 2 friends How many invitations will be left?  Solve this mathematical problem step-by-step. Put your final answer within \boxed{}.
601,svamp_chal_601,Subtraction,1,float_tol,\boxed{2},Rachel's tree had 4 apples initially. She picked some apples and now there are 2 apples left on the tree. How many apples did rachel pick?  Solve this mathematical problem step-by-step. Put your final answer within \boxed{}.
602,svamp_chal_602,Addition,1,float_tol,\boxed{70},Bobby ate 28 pieces of candy. Then he ate 42 more. He also ate 63 pieces of chocolate. How many pieces of candy did Bobby eat?  Solve this mathematical problem step-by-step. Put your final answer within \boxed{}.
603,svamp_chal_603,Subtraction,1,float_tol,\boxed{90},The Razorback shop makes $ 115 dollars off each jersey and $ 25 off each t-shirt. During the Arkansas and Texas tech game they sold 113 t-shirts and 78 jerseys. How much more does a jersey cost than a t-shirt?  Solve this mathematical problem step-by-step. Put your final answer within \boxed{}.
604,svamp_chal_604,Subtraction,1,float_tol,\boxed{9},Bobby had 22 pieces of candy. He ate some pieces of candy. Then he ate 5 more. If he still has 8 pieces of candy left How many pieces of candy had he eaten at the start?  Solve this mathematical problem step-by-step. Put your final answer within \boxed{}.
605,svamp_chal_605,Multiplication,1,float_tol,\boxed{2673},If each pack costs 81 dollars How much will it cost to buy 33 packs of dvds?  Solve this mathematical problem step-by-step. Put your final answer within \boxed{}.
606,svamp_chal_606,Addition,1,float_tol,\boxed{238},There were 61 parents in the program and 177 pupils too. The program could seat 44 people How many people were present in the program?  Solve this mathematical problem step-by-step. Put your final answer within \boxed{}.
607,svamp_chal_607,Addition,1,float_tol,\boxed{10},Every day Ryan spends 4 hours on learning english and 6 hours on learning chinese. If he learns for 86 days How many hours does he spend on learning english and chinese each day?  Solve this mathematical problem step-by-step. Put your final answer within \boxed{}.
608,svamp_chal_608,Subtraction,1,float_tol,\boxed{78},Baker made 126 cakes and 48 pastries. If he sold 115 cakes and 81 pastries How many more cakes than pastries did baker make?  Solve this mathematical problem step-by-step. Put your final answer within \boxed{}.
609,svamp_chal_609,Subtraction,1,float_tol,\boxed{5},At the arcade Dave had won 19 tickets. If he used 12 to buy some toys and 7 more to buy some clothes How many more tickets did Dave use to buy toys than he did to buy clothes?  Solve this mathematical problem step-by-step. Put your final answer within \boxed{}.
610,svamp_chal_610,Addition,1,float_tol,\boxed{38},"A grocery store had 30 bottles of regular soda, 8 bottles of diet soda and 41 apples. How many bottles did they have total?  Solve this mathematical problem step-by-step. Put your final answer within \boxed{}."
611,svamp_chal_611,Multiplication,1,float_tol,\boxed{308},There are 11 baskets of peaches. Each basket has 10 red peaches and 18 green peaches. How many peaches are in the baskets altogether?  Solve this mathematical problem step-by-step. Put your final answer within \boxed{}.
612,svamp_chal_612,Subtraction,1,float_tol,\boxed{223},Paul got a box of 440 crayons for his birthday. During the school year he gave 111 crayons to his friends while he lost 106 crayons. How many crayons did he have left?  Solve this mathematical problem step-by-step. Put your final answer within \boxed{}.
613,svamp_chal_613,Subtraction,1,float_tol,\boxed{53},Some campers went rowing in the morning while 7 campers went rowing in the afternoon. If a total of 60 campers went rowing that day How many campers went rowing in the morning?  Solve this mathematical problem step-by-step. Put your final answer within \boxed{}.
614,svamp_chal_614,Multiplication,1,float_tol,\boxed{153},He then went to see the oranges being harvested. He found out that they harvest 74 sacks per day and discard 71 of them. How many sacks of oranges will they have after 51 days of harvest?  Solve this mathematical problem step-by-step. Put your final answer within \boxed{}.
615,svamp_chal_615,Addition,1,float_tol,\boxed{574},Next on his checklist is wax to stick the feathers together. If he has 557 g of wax and right now he just needs 17 g Total how many grams of wax do the feathers require?  Solve this mathematical problem step-by-step. Put your final answer within \boxed{}.
616,svamp_chal_616,Subtraction,1,float_tol,\boxed{2},Jerry had 7 books and 3 action figures on a shelf in his room. Later he added 2 more action figures to the shelf. How many more books than action figures were on his shelf?  Solve this mathematical problem step-by-step. Put your final answer within \boxed{}.
617,svamp_chal_617,Common-Division,1,float_tol,\boxed{6},Matthew gave 6 crackers to each his friends. If he had 36 crackers How many friends did he give crackers to?  Solve this mathematical problem step-by-step. Put your final answer within \boxed{}.
618,svamp_chal_618,Subtraction,1,float_tol,\boxed{62},Katie had 57 new games and 39 old games. Her friends had 34 new games. How many more games does Katie have than her friends?  Solve this mathematical problem step-by-step. Put your final answer within \boxed{}.
619,svamp_chal_619,Addition,1,float_tol,\boxed{64},26 children were riding on the bus. At the bus stop 38 more children got on the bus. How many children are on the bus now?  Solve this mathematical problem step-by-step. Put your final answer within \boxed{}.
620,svamp_chal_620,Addition,1,float_tol,\boxed{28},Josh had 21 marbles in his collection. He found 7 marbles. How many marbles does he have now?  Solve this mathematical problem step-by-step. Put your final answer within \boxed{}.
621,svamp_chal_621,Subtraction,1,float_tol,\boxed{2},Jake brought 6 balloons to the park. If Jake brought 4 more balloons than the number of balloons that Allan brought How many balloons did Allan bring to the park?  Solve this mathematical problem step-by-step. Put your final answer within \boxed{}.
622,svamp_chal_622,Subtraction,1,float_tol,\boxed{2},At the arcade Dave had won 14 tickets and lost 2 tickets. If he used 10 to buy some toys How many tickets did Dave have left?  Solve this mathematical problem step-by-step. Put your final answer within \boxed{}.
623,svamp_chal_623,Addition,1,float_tol,\boxed{1201565},During summer break 610769 kids from Lawrence county go to camp and the other 590796 kids stay home. An additional 22 kids from outside the county attended the camp. About how many kids are in Lawrence county?  Solve this mathematical problem step-by-step. Put your final answer within \boxed{}.
624,svamp_chal_624,Subtraction,1,float_tol,\boxed{2},Edward had $ 18. He spent $ 16. How much money does Edward have now?  Solve this mathematical problem step-by-step. Put your final answer within \boxed{}.
625,svamp_chal_625,Subtraction,1,float_tol,\boxed{3},For Gwen's birthday she received 5 dollars from her dad. Her mom gave her 2 more dollars. If she spent 6 dollars. How much more money did she receive from her dad than she did from her mom?  Solve this mathematical problem step-by-step. Put your final answer within \boxed{}.
626,svamp_chal_626,Addition,1,float_tol,\boxed{2},Robin's hair was 14 inches long. It grew by 8 inches. Then he cut off 20 inches. How long is his hair now?  Solve this mathematical problem step-by-step. Put your final answer within \boxed{}.
627,svamp_chal_627,Addition,1,float_tol,\boxed{22},Edward spent $ 16 to buy 92 books each book costing him the same amount of money. Now he has $ 6. How much did Edward have before he spent his money?  Solve this mathematical problem step-by-step. Put your final answer within \boxed{}.
628,svamp_chal_628,Addition,1,float_tol,\boxed{458988},During summer break 34044 kids from Lawrence county go to camp and the other 134867 kids stay home. An additional 424944 kids from outside the county attended the camp. How many kids in total attended the camp?  Solve this mathematical problem step-by-step. Put your final answer within \boxed{}.
629,svamp_chal_629,Subtraction,1,float_tol,\boxed{89},Baker made 14 cakes and 153 pastries. If he sold 8 pastries and 97 cakes How many more cakes than pastries did baker sell?  Solve this mathematical problem step-by-step. Put your final answer within \boxed{}.
630,svamp_chal_630,Subtraction,1,float_tol,\boxed{10},"After a typhoon, 2 trees in Haley's backyard died. If she had grown 12 trees initially How many trees does she have left?  Solve this mathematical problem step-by-step. Put your final answer within \boxed{}."
631,svamp_chal_631,Subtraction,1,float_tol,\boxed{14},Paco had 8 sweet cookies and 6 salty cookies. He ate 20 sweet cookies and 34 salty cookies. How many more salty cookies than sweet cookies did he eat?  Solve this mathematical problem step-by-step. Put your final answer within \boxed{}.
632,svamp_chal_632,Subtraction,1,float_tol,\boxed{26},"A grocery store had 79 bottles of regular soda, 53 bottles of diet soda and 42 apples. How many more bottles of regular soda than diet soda did they have?  Solve this mathematical problem step-by-step. Put your final answer within \boxed{}."
633,svamp_chal_633,Common-Division,1,float_tol,\boxed{4},Carol was sending out birthday invitations to 12 friends. She bought 3 packs each one having the same number of invitations. How many invitations are in each pack?  Solve this mathematical problem step-by-step. Put your final answer within \boxed{}.
634,svamp_chal_634,Addition,1,float_tol,\boxed{11},Jake has 13 fewer peaches and 3 more apples than Steven. Steven has 9 peaches and 8 apples. How many apples does Jake have?  Solve this mathematical problem step-by-step. Put your final answer within \boxed{}.
635,svamp_chal_635,Addition,1,float_tol,\boxed{42},Josh had 22 marbles in his collection. Jack gave him 20 marbles. How many marbles does Josh have now?  Solve this mathematical problem step-by-step. Put your final answer within \boxed{}.
636,svamp_chal_636,Multiplication,1,float_tol,\boxed{186},Faye had 31 packs of pencils each one having 6 pencils. She was placing her pencils into rows with 19 pencils in each row. How many pencils does she have?  Solve this mathematical problem step-by-step. Put your final answer within \boxed{}.
637,svamp_chal_637,Subtraction,1,float_tol,\boxed{3},Jake has 84 more apples and 10 fewer peaches than Steven. Steven has 13 peaches and 52 apples. How many peaches does Jake have?  Solve this mathematical problem step-by-step. Put your final answer within \boxed{}.
638,svamp_chal_638,Common-Division,1,float_tol,\boxed{2},Rebecca wants to split a collection of eggs into 4 groups. Rebecca has 8 eggs and 6 marbles. How many eggs will each group have?  Solve this mathematical problem step-by-step. Put your final answer within \boxed{}.
639,svamp_chal_639,Addition,1,float_tol,\boxed{10},Jack received 4 emails and sent 2 letters in the morning. He then received 6 emails and sent 8 letters in the afternoon. How many emails did Jack send in the day?  Solve this mathematical problem step-by-step. Put your final answer within \boxed{}.
640,svamp_chal_640,Subtraction,1,float_tol,\boxed{3},"Rachel had to complete 7 pages of math homework, 11 pages of reading homework and 8 more pages of biology homework. How many more pages of reading homework than biology homework did she have?  Solve this mathematical problem step-by-step. Put your final answer within \boxed{}."
641,svamp_chal_641,Common-Division,1,float_tol,\boxed{2},Dan has $ 2. He bought some candy bar for $ 6 each one costing $ 3. How many candy bar did he buy?  Solve this mathematical problem step-by-step. Put your final answer within \boxed{}.
642,svamp_chal_642,Addition,1,float_tol,\boxed{42},"Lucy went to the grocery store. She bought 4 packs of cookie, 22 packs of cake and 16 packs of chocolate. How many packs of groceries did she buy in all?  Solve this mathematical problem step-by-step. Put your final answer within \boxed{}."
643,svamp_chal_643,Multiplication,1,float_tol,\boxed{22800},The school has 304 grades and each grade has 75 students How many students were there in total?  Solve this mathematical problem step-by-step. Put your final answer within \boxed{}.
644,svamp_chal_644,Subtraction,1,float_tol,\boxed{369},The cave is 1218 feet deep and they are already at 849 feet. If they are travelling at speed of 17 How much farther until they reach the end of the cave?  Solve this mathematical problem step-by-step. Put your final answer within \boxed{}.
645,svamp_chal_645,Subtraction,1,float_tol,\boxed{12},Bobby had 32 pieces of candy. He ate some pieces of candy. If he has 20 pieces of candy left How many pieces of candy did Bobby eat?  Solve this mathematical problem step-by-step. Put your final answer within \boxed{}.
646,svamp_chal_646,Subtraction,1,float_tol,\boxed{32},Baker sold 8 cakes. If he had made 40 cakes initially How many more cakes did baker make than those he sold?  Solve this mathematical problem step-by-step. Put your final answer within \boxed{}.
647,svamp_chal_647,Addition,1,float_tol,\boxed{522},"After eating a hearty meal they went to see the Buckingham palace. There, Rachel learned that 92 visitors came to the Buckingham palace that day. If there were 419 visitors the previous day and 103 visitors the day before that How many visited the Buckingham palace before that day?  Solve this mathematical problem step-by-step. Put your final answer within \boxed{}."
648,svamp_chal_648,Subtraction,1,float_tol,\boxed{566},"After eating a hearty meal they went to see the Buckingham palace. There, Rachel learned that 100 visitors came to the Buckingham palace on the previous day. If there were 666 visitors on that day How many more visitors visited the Buckingham palace on that day than on the previous day?  Solve this mathematical problem step-by-step. Put your final answer within \boxed{}."
649,svamp_chal_649,Common-Division,1,float_tol,\boxed{2},In Haley's class 4 are boys who love to play marbles. If Haley has 23 marbles and wants to keep 15 marbles for herself How many will each of the boys receive?  Solve this mathematical problem step-by-step. Put your final answer within \boxed{}.
650,svamp_chal_650,Common-Division,1,float_tol,\boxed{2},Matthew had 22 crackers and 34 cakes. If Matthew gave equal numbers of crackers and cakes to his 11 friends How many crackers did each person eat?  Solve this mathematical problem step-by-step. Put your final answer within \boxed{}.
651,svamp_chal_651,Addition,1,float_tol,\boxed{33},Rachel has 3 apple trees. She picked 8 apples from each of her trees. Now the trees have a total 9 apples still on them. How many apples were there on all trees initially?  Solve this mathematical problem step-by-step. Put your final answer within \boxed{}.
652,svamp_chal_652,Subtraction,1,float_tol,\boxed{6},Mary is baking a cake. The recipe calls for 9 cups of flour and 11 cups of sugar. She already put in 4 cups of flour. How many more cups of sugar than cups of flour does she need to add now?  Solve this mathematical problem step-by-step. Put your final answer within \boxed{}.
653,svamp_chal_653,Common-Division,1,float_tol,\boxed{2},The school is planning a field trip. The school has 17 classrooms. There are 46 school buses and a total of 92 students in the school. If all buses are full How many seats are in each bus?  Solve this mathematical problem step-by-step. Put your final answer within \boxed{}.
654,svamp_chal_654,Addition,1,float_tol,\boxed{14},For Gwen's birthday she received some dollars. She spent 8 dollars and has 6 dollars left with her. How much money did Gwen receive for her birthday?  Solve this mathematical problem step-by-step. Put your final answer within \boxed{}.
655,svamp_chal_655,Addition,1,float_tol,\boxed{91},Danny collects bottle caps. He lost 66 bottle caps at the park. Now he has 25 bottle caps in his collection. How many bottle caps did danny have at first?  Solve this mathematical problem step-by-step. Put your final answer within \boxed{}.
656,svamp_chal_656,Subtraction,1,float_tol,\boxed{17},Jake has 6 fewer peaches than Steven. Steven has 18 more peaches than Jill. If jill has 5 peaches How many peaches does Jake have?  Solve this mathematical problem step-by-step. Put your final answer within \boxed{}.
657,svamp_chal_657,Addition,1,float_tol,\boxed{1363293},During summer break 907611 kids from Lawrence county stay home and the other 455682 kids go to camp. About how many kids are in Lawrence county?  Solve this mathematical problem step-by-step. Put your final answer within \boxed{}.
658,svamp_chal_658,Addition,1,float_tol,\boxed{19},Jerry had 8 action figures and 9 books on a shelf in his room. Later he added 10 more books to the shelf. How many books were on his shelf in all?  Solve this mathematical problem step-by-step. Put your final answer within \boxed{}.
659,svamp_chal_659,Addition,1,float_tol,\boxed{8},4 birds and 6 storks were sitting on the fence. 2 more storks came to join them. How many storks are sitting on the fence?  Solve this mathematical problem step-by-step. Put your final answer within \boxed{}.
660,svamp_chal_660,Subtraction,1,float_tol,\boxed{1},Allan brought 6 balloons and Jake brought 2 balloons to the park. Jake then bought 3 more balloons at the park. How many more balloons did Allan have than Jake in the park?  Solve this mathematical problem step-by-step. Put your final answer within \boxed{}.
661,svamp_chal_661,Multiplication,1,float_tol,\boxed{76},Faye was placing her pencils and crayons into 19 rows with 4 pencils and 27 crayons in each row. How many pencils does she have?  Solve this mathematical problem step-by-step. Put your final answer within \boxed{}.
662,svamp_chal_662,Multiplication,1,float_tol,\boxed{5852},The Razorback t-shirt shop sells each t-shirt for $ 201 dollars. During the Arkansas and Texas tech game they increased the prices by $ 217 per t-shirt and sold 14 t-shirts. How much money did they make from selling the t-shirts?  Solve this mathematical problem step-by-step. Put your final answer within \boxed{}.
663,svamp_chal_663,Subtraction,1,float_tol,\boxed{5},Ed had 12 more marbles than Doug. Ed lost 20 of his marbles at the playground. If Ed had 17 marbles How many marbles does Doug have now?  Solve this mathematical problem step-by-step. Put your final answer within \boxed{}.
664,svamp_chal_664,Subtraction,1,float_tol,\boxed{38608},Lawrence county has 313473 kids. During summer break 274865 kids stay home and the rest go to camp. How many kids go to the camp during the break?  Solve this mathematical problem step-by-step. Put your final answer within \boxed{}.
665,svamp_chal_665,Subtraction,1,float_tol,\boxed{30},The Razorback shop makes $ 210 dollars off each jersey and $ 240 off each t-shirt. During the Arkansas and Texas tech game they sold 177 t-shirts and 23 jerseys. How much more does a t-shirt cost than a jersey?  Solve this mathematical problem step-by-step. Put your final answer within \boxed{}.
666,svamp_chal_666,Addition,1,float_tol,\boxed{13},Dan has $ 4. He bought a candy bar for $ 7 and a chocolate for $ 6. How much money did he spend buying the candy bar and chocolate?  Solve this mathematical problem step-by-step. Put your final answer within \boxed{}.
667,svamp_chal_667,Addition,1,float_tol,\boxed{10},Jerry had 4 action figures and 22 books on a shelf in his room. Later he added 6 more action figures to the shelf. How many action figures were on his shelf in all?  Solve this mathematical problem step-by-step. Put your final answer within \boxed{}.
668,svamp_chal_668,Addition,1,float_tol,\boxed{9},Mary is baking a cake. The recipe calls for 11 cups of sugar and some more cups of flour. She already put in 3 cups of flour. If she still needs to add 6 more cups of flour How many cups of flour did the recipe require?  Solve this mathematical problem step-by-step. Put your final answer within \boxed{}.
669,svamp_chal_669,Subtraction,1,float_tol,\boxed{24},Baker made 54 cakes and 143 pastries. If he sold 68 cakes and 92 pastries How many more pastries than cakes did baker sell?  Solve this mathematical problem step-by-step. Put your final answer within \boxed{}.
670,svamp_chal_670,Addition,1,float_tol,\boxed{10},3 birds and 2 storks were sitting on the fence. 5 more birds came to join them. How many birds and storks are sitting on the fence?  Solve this mathematical problem step-by-step. Put your final answer within \boxed{}.
671,svamp_chal_671,Addition,1,float_tol,\boxed{20},Julia played tag with 7 kids on monday and 13 kids on tuesday. She played cards wtih 20 kids on wednesday. How many kids did she play tag with altogether?  Solve this mathematical problem step-by-step. Put your final answer within \boxed{}.
672,svamp_chal_672,Common-Division,1,float_tol,\boxed{30},"Being his favorite, he saved checking on the grapevines for his last stop. He was told by 36 of the pickers that they fill 8 drums of grapes per day. How many days will it take to fill 240 drums of grapes?  Solve this mathematical problem step-by-step. Put your final answer within \boxed{}."
673,svamp_chal_673,Subtraction,1,float_tol,\boxed{7},Bobby ate 23 pieces of candy. If he initially had 30 pieces of candy How many pieces of candy does he still have left?  Solve this mathematical problem step-by-step. Put your final answer within \boxed{}.
674,svamp_chal_674,Multiplication,1,float_tol,\boxed{120},The Ferris wheel in paradise park has 18 seats. Each seat can hold 15 people. If 10 seats are broken How many people can ride the Ferris wheel at the same time?  Solve this mathematical problem step-by-step. Put your final answer within \boxed{}.
675,svamp_chal_675,Addition,1,float_tol,\boxed{17},Robin's hair was 16 inches long. He cut off 11 inches. Then it again grew by 12 inches. How long is his hair now?  Solve this mathematical problem step-by-step. Put your final answer within \boxed{}.
676,svamp_chal_676,Common-Division,1,float_tol,\boxed{44},Frank was reading through his favorite book. The book had 193 pages equally distributed over 15 chapters. It took Frank 660 days to finish the book. How many chapters did he read per day?  Solve this mathematical problem step-by-step. Put your final answer within \boxed{}.
677,svamp_chal_677,Subtraction,1,float_tol,\boxed{15},"The grasshopper, the frog and the mouse had a jumping contest. The grasshopper jumped 19 inches. The grasshopper jumped 4 inches farther than the frog and the mouse jumped 44 inches lesser than the frog. How far did the frog jump?  Solve this mathematical problem step-by-step. Put your final answer within \boxed{}."
678,svamp_chal_678,Addition,1,float_tol,\boxed{118},Winter is almost here and most animals are migrating to warmer countries. There are 18 bird families living near the mountain. If 38 bird families flew away to africa and 80 bird families flew away to asia How many bird families flew away for the winter?  Solve this mathematical problem step-by-step. Put your final answer within \boxed{}.
679,svamp_chal_679,Common-Division,1,float_tol,\boxed{6},Matthew had 23 crackers. He has 11 crackers left after he gave equal numbers of crackers to his 2 friends. How many crackers did each friend eat?  Solve this mathematical problem step-by-step. Put your final answer within \boxed{}.
680,svamp_chal_680,Addition,1,float_tol,\boxed{1},Rachel's tree had 4 apples. She picked 2 apples from her tree. Thereafter 3 new apples grew on the tree. How many apples are there on the tree now?  Solve this mathematical problem step-by-step. Put your final answer within \boxed{}.
681,svamp_chal_681,Addition,1,float_tol,\boxed{105},Summer is almost here and most animals are migrating back to cooler countries. There are 87 bird families living near a mountain. If 18 new bird families joined them How many bird families live near the mountain now?  Solve this mathematical problem step-by-step. Put your final answer within \boxed{}.
682,svamp_chal_682,Subtraction,1,float_tol,\boxed{32},Danny collects bottle caps and wrappers. He found 15 bottle caps and 18 wrappers at the park. Now he has 67 wrappers and 35 bottle caps in his collection. How many more wrappers than bottle caps does danny have now?  Solve this mathematical problem step-by-step. Put your final answer within \boxed{}.
683,svamp_chal_683,Common-Division,1,float_tol,\boxed{7},Melissa scored a total of 91 points in 13 games scoring the same for each game. How many points did she score in each game?  Solve this mathematical problem step-by-step. Put your final answer within \boxed{}.
684,svamp_chal_684,Subtraction,1,float_tol,\boxed{4},Robin's hair was 17 inches long. He cut off some inches of her hair. If his hair is now 13 inches long How much of his hair did he cut?  Solve this mathematical problem step-by-step. Put your final answer within \boxed{}.
685,svamp_chal_685,Subtraction,1,float_tol,\boxed{27},Baker made 56 pastries and 124 cakes. If he sold 104 cakes and 29 pastries How many pastries would baker still have?  Solve this mathematical problem step-by-step. Put your final answer within \boxed{}.
686,svamp_chal_686,Multiplication,1,float_tol,\boxed{737},The school is planning a field trip. The school has 67 classrooms. There are 66 students in each classroom in the school. If there are 6 seats on each school bus How many buses are needed to take the trip?  Solve this mathematical problem step-by-step. Put your final answer within \boxed{}.
687,svamp_chal_687,Multiplication,1,float_tol,\boxed{8265},The Razorback t-shirt shop makes $ 87 dollars off each t-shirt sold. During the Arkansas game and the Texas tech game they sold a total of 95 t-shirts. If they sold 47 t-shirts during the Arkansas game How much money did they make from selling the t-shirts?  Solve this mathematical problem step-by-step. Put your final answer within \boxed{}.
688,svamp_chal_688,Subtraction,1,float_tol,\boxed{1},3 birds were sitting on the fence. 2 more birds and 6 more storks came to join them. How many more storks than birds are sitting on the fence?  Solve this mathematical problem step-by-step. Put your final answer within \boxed{}.
689,svamp_chal_689,Common-Division,1,float_tol,\boxed{14},The school is planning a field trip. The school has 21 classrooms. There are 98 students in the school and 7 school buses. If all buses are full How many seats are in each bus?  Solve this mathematical problem step-by-step. Put your final answer within \boxed{}.
690,svamp_chal_690,Addition,1,float_tol,\boxed{80},Randy has 58 blocks. He uses 27 blocks to build a tower and 53 blocks to build a house. How many blocks did he use to build the tower and the house altogether?  Solve this mathematical problem step-by-step. Put your final answer within \boxed{}.
691,svamp_chal_691,Multiplication,1,float_tol,\boxed{24},Every day Ryan spends 5 hours on learning english and 4 hours on learning chinese. If he learns for 6 days How many hours does he spend on learning chinese in all?  Solve this mathematical problem step-by-step. Put your final answer within \boxed{}.
692,svamp_chal_692,Subtraction,1,float_tol,\boxed{146},The Razorback shop makes $ 86 dollars off each t-shirt and $ 232 off each jersey. During the Arkansas and Texas tech game they sold 254 t-shirts and 43 jerseys. How much more does a jersey cost than a t-shirt?  Solve this mathematical problem step-by-step. Put your final answer within \boxed{}.
693,svamp_chal_693,Subtraction,1,float_tol,\boxed{2},Danny collects bottle caps and wrappers. He found 66 wrappers and 39 bottle caps at the park. Now he has 16 bottle caps and 68 wrappers in his collection. How many wrappers did danny have at first?  Solve this mathematical problem step-by-step. Put your final answer within \boxed{}.
694,svamp_chal_694,Subtraction,1,float_tol,\boxed{4},Haley grew 14 trees in her backyard. After a typhoon 9 died. How many more trees died in the typhoon than those that survived?  Solve this mathematical problem step-by-step. Put your final answer within \boxed{}.
695,svamp_chal_695,Addition,1,float_tol,\boxed{16},He has 9 apples more than Adam and Jackie together do. Adam and Jackie have 7 apples between them. How many apples does He have?  Solve this mathematical problem step-by-step. Put your final answer within \boxed{}.
696,svamp_chal_696,Subtraction,1,float_tol,\boxed{22},Dave had 11 apps and 3 files on his phone. After deleting some apps and files he had 24 files and 2 apps left. How many more files than apps does he have left on the phone?  Solve this mathematical problem step-by-step. Put your final answer within \boxed{}.
697,svamp_chal_697,Multiplication,1,float_tol,\boxed{22},Rebecca wants to split a collection of eggs into groups of 11. If each group has 2 eggs How many eggs does Rebecca have?  Solve this mathematical problem step-by-step. Put your final answer within \boxed{}.
698,svamp_chal_698,Subtraction,1,float_tol,\boxed{3},"Jack received 10 emails in the morning, 7 emails in the afternoon and 17 emails in the evening. How many more emails did Jack receive in the morning than in the afternoon?  Solve this mathematical problem step-by-step. Put your final answer within \boxed{}."
699,svamp_chal_699,Multiplication,1,float_tol,\boxed{44},Adam could fit 11 action figures on each shelf in his room. His room has 4 shelves and 40 cabinets. How many total action figures could his shelves hold?  Solve this mathematical problem step-by-step. Put your final answer within \boxed{}.
700,svamp_chal_700,Subtraction,1,float_tol,\boxed{6},Lucy went to the grocery store. She bought 10 packs of cookie and 4 packs of cake. How many more packs of cookie did she buy over cake?  Solve this mathematical problem step-by-step. Put your final answer within \boxed{}.
701,svamp_chal_701,Subtraction,1,float_tol,\boxed{4},Every day Ryan spends 6 hours on learning english and 2 hours on learning chinese. How many more hours does he spend on learning english than he does on learning chinese?  Solve this mathematical problem step-by-step. Put your final answer within \boxed{}.
702,svamp_chal_702,Subtraction,1,float_tol,\boxed{45},David did 40 more push-ups but 17 less crunches than Zachary in gym class today. If Zachary did 34 push-ups and 62 crunches How many crunches did David do?  Solve this mathematical problem step-by-step. Put your final answer within \boxed{}.
703,svamp_chal_703,Subtraction,1,float_tol,\boxed{22},The grasshopper and the frog had a jumping contest. The frog jumped 39 inches and the grasshopper jumped 17 inches. How much farther did the frog jump than the grasshopper?  Solve this mathematical problem step-by-step. Put your final answer within \boxed{}.
704,svamp_chal_704,Subtraction,1,float_tol,\boxed{101},Paul had 50 books. After buying some in a garage sale he had 151 left. How many books did he buy?  Solve this mathematical problem step-by-step. Put your final answer within \boxed{}.
705,svamp_chal_705,Subtraction,1,float_tol,\boxed{103},If they are already at 659 feet and the cave is 762 feet deep How much farther until they reach the end of the cave?  Solve this mathematical problem step-by-step. Put your final answer within \boxed{}.
706,svamp_chal_706,Addition,1,float_tol,\boxed{126},Katie had 78 new games and 86 old games. Her friends had 48 new games. How many new games do they have together?  Solve this mathematical problem step-by-step. Put your final answer within \boxed{}.
707,svamp_chal_707,Addition,1,float_tol,\boxed{13},Josh had 19 marbles in his collection. He lost 11 marbles and found 5 new ones. How many marbles does he have now?  Solve this mathematical problem step-by-step. Put your final answer within \boxed{}.
708,svamp_chal_708,Subtraction,1,float_tol,\boxed{4},Jerry had 4 action figures on a shelf in his room. Later he added some more action figures to the shelf. If there are a total of 8 action figures on his shelf now How many action figures did he add to the shelf?  Solve this mathematical problem step-by-step. Put your final answer within \boxed{}.
709,svamp_chal_709,Addition,1,float_tol,\boxed{9},Rachel has 52 apple trees. She picked 2 apples from 1 of her trees. Now the tree has 7 apples still on it. How many apples did the tree have to begin with?  Solve this mathematical problem step-by-step. Put your final answer within \boxed{}.
710,svamp_chal_710,Multiplication,1,float_tol,\boxed{45},We ordered 9 pizzas. Each pizza has 10 slices. If there are 2 of us How many slices of pizza does each of us get if distributed equally?  Solve this mathematical problem step-by-step. Put your final answer within \boxed{}.
711,svamp_chal_711,Subtraction,1,float_tol,\boxed{2},Jack received a total of 9 emails in the day. If he received 7 emails in the morning and some more in the afternoon How many emails did Jack receive in the afternoon?  Solve this mathematical problem step-by-step. Put your final answer within \boxed{}.
712,svamp_chal_712,Subtraction,1,float_tol,\boxed{41},A grocery store had 19 bottles of diet soda and 60 bottles of regular soda. How many more bottles of regular soda than diet soda did they have?  Solve this mathematical problem step-by-step. Put your final answer within \boxed{}.
713,svamp_chal_713,Subtraction,1,float_tol,\boxed{15},A book has 3 chapters. The first chapter is 35 pages long the second chapter is 18 pages long and the third chapter is 3 pages long. How many more pages does the second chapter have than the third chapter?  Solve this mathematical problem step-by-step. Put your final answer within \boxed{}.
714,svamp_chal_714,Subtraction,1,float_tol,\boxed{25},Randy has 97 blocks. He uses some blocks to build a tower. If there are 72 blocks left How many blocks did he use to build the tower?  Solve this mathematical problem step-by-step. Put your final answer within \boxed{}.
715,svamp_chal_715,Addition,1,float_tol,\boxed{348},Because of the decision Sofia asked the students to suggest specific types of food. 182 students suggested adding mashed potatoes while others suggested adding bacon to the menu. If 166 more students suggested adding bacon than those that suggested mashed potatoes How many students suggested bacon?  Solve this mathematical problem step-by-step. Put your final answer within \boxed{}.
716,svamp_chal_716,Subtraction,1,float_tol,\boxed{8},A waiter had 13 customers. After some left he got 4 new customers. If he still had 9 customers How many customers left?  Solve this mathematical problem step-by-step. Put your final answer within \boxed{}.
717,svamp_chal_717,Subtraction,1,float_tol,\boxed{1},Every day Ryan spends 3 hours on learning english and some more hours on learning chinese. If he spends a total of 4 hours on learning english and chinese everyday How many hours does he spend on learning chinese?  Solve this mathematical problem step-by-step. Put your final answer within \boxed{}.
718,svamp_chal_718,Subtraction,1,float_tol,\boxed{13},A book has 2 chapters across 81 pages. The second chapter is 68 pages long. How many pages are in the second chapter?  Solve this mathematical problem step-by-step. Put your final answer within \boxed{}.
719,svamp_chal_719,Common-Division,1,float_tol,\boxed{2},White t - shirts can be purchased in packages. If mom buys 28 packages which contain 56 white t - shirts in total How many white t - shirts does each package have?  Solve this mathematical problem step-by-step. Put your final answer within \boxed{}.
720,svamp_chal_720,Subtraction,1,float_tol,\boxed{32},Baker made 52 pastries and 84 cakes. If he sold 102 cakes and 94 pastries How many more cakes than pastries did baker make?  Solve this mathematical problem step-by-step. Put your final answer within \boxed{}.
721,svamp_chal_721,Subtraction,1,float_tol,\boxed{51},Jessie weighed 71 kilograms. After she started to go jogging everyday she lost 20 kilograms. How much does she weigh now?  Solve this mathematical problem step-by-step. Put your final answer within \boxed{}.
722,svamp_chal_722,Subtraction,1,float_tol,\boxed{268627},Lawrence county has 898051 kids. During summer break 629424 kids go to camp and the rest stay home. How many kids stay home?  Solve this mathematical problem step-by-step. Put your final answer within \boxed{}.
723,svamp_chal_723,Subtraction,1,float_tol,\boxed{14},Dave had 17 apps and 21 files on his phone. After deleting some apps and files he had 3 apps and 7 files left. How many files did he delete?  Solve this mathematical problem step-by-step. Put your final answer within \boxed{}.
724,svamp_chal_724,Common-Division,1,float_tol,\boxed{3},If you had 33 cookies and each bag has 11 cookies How many bags of cookies do you have?  Solve this mathematical problem step-by-step. Put your final answer within \boxed{}.
725,svamp_chal_725,Multiplication,1,float_tol,\boxed{143550},He then went to see the oranges being harvested. He found out that they harvest 66 sacks per day and that each sack containes 25 oranges. How many oranges will they have after 87 days of harvest?  Solve this mathematical problem step-by-step. Put your final answer within \boxed{}.
726,svamp_chal_726,Subtraction,1,float_tol,\boxed{106},Nell collects baseball cards. She had 242 cards. She gave 136 of her cards to Jeff. How many cards does Nell have left?  Solve this mathematical problem step-by-step. Put your final answer within \boxed{}.
727,svamp_chal_727,Addition,1,float_tol,\boxed{574},Helen the hippo and her friends are preparing for thanksgiving at Helen's house. Helen baked 90 chocolate chip cookies yesterday and 51 raisin cookies and 484 chocolate chip cookies this morning. How many chocolate chip cookies did Helen bake?  Solve this mathematical problem step-by-step. Put your final answer within \boxed{}.
728,svamp_chal_728,Subtraction,1,float_tol,\boxed{4},There were 13 roses in the vase. Jessica cut some more roses from her flower garden which had a total of 12 roses. There are now 21 roses in the vase. How many roses are left in the garden?  Solve this mathematical problem step-by-step. Put your final answer within \boxed{}.
729,svamp_chal_729,Subtraction,1,float_tol,\boxed{15},Jerry had some action figures on a shelf in his room. Later he added 2 more action figures to the shelf and removed 7 of the old ones. If there are 10 action figures on his shelf now How many action figures did he have initially on the shelf?  Solve this mathematical problem step-by-step. Put your final answer within \boxed{}.
730,svamp_chal_730,Subtraction,1,float_tol,\boxed{13},A book has 2 chapters across 23 pages. The first chapter is 10 pages long. How many pages are in the first chapter?  Solve this mathematical problem step-by-step. Put your final answer within \boxed{}.
731,svamp_chal_731,Subtraction,1,float_tol,\boxed{6},Paul had 21 books. After selling some in a garage sale he bought 42 new ones. If he has 15 books now How many more books did he sell than he bought?  Solve this mathematical problem step-by-step. Put your final answer within \boxed{}.
732,svamp_chal_732,Subtraction,1,float_tol,\boxed{1},Allan and Jake brought 3 balloons to the park. If Allan brought 2 balloons How many balloons did Jake bring to the park?  Solve this mathematical problem step-by-step. Put your final answer within \boxed{}.
733,svamp_chal_733,Common-Division,1,float_tol,\boxed{54},There are 270 students in a school. If the school has 5 students in each grades and each grade has the same number of students How many grades are there in total?  Solve this mathematical problem step-by-step. Put your final answer within \boxed{}.
734,svamp_chal_734,Subtraction,1,float_tol,\boxed{7},After finding some bottle caps at the park danny has 32 bottle caps in his collection. If he had 25 bottle caps in his collection earlier How many bottle caps did he find at the park?  Solve this mathematical problem step-by-step. Put your final answer within \boxed{}.
735,svamp_chal_735,Common-Division,1,float_tol,\boxed{4},A mailman has to give 32 pieces of junk mail to each of the 55 blocks. If he gives 8 mails to each house in a block How many houses are there in a block?  Solve this mathematical problem step-by-step. Put your final answer within \boxed{}.
736,svamp_chal_736,Subtraction,1,float_tol,\boxed{27},Winter is almost here and most animals are migrating to warmer countries. There are 41 bird families living near the mountain. If 35 bird families flew away to asia and 62 bird families flew away to africa How many more bird families flew away to africa than those that flew away to asia?  Solve this mathematical problem step-by-step. Put your final answer within \boxed{}.
737,svamp_chal_737,Addition,1,float_tol,\boxed{229},Paul got a box of 65 crayons for his birthday. During the school year he gave 213 crayons to his friends while he lost 16 crayons. How many crayons had been lost or given away?  Solve this mathematical problem step-by-step. Put your final answer within \boxed{}.
738,svamp_chal_738,Subtraction,1,float_tol,\boxed{2},Rachel had to complete 5 pages of math homework and yet more pages of reading homework. If she had to complete a total of 7 pages of homework How many pages of reading homework did she have to complete?  Solve this mathematical problem step-by-step. Put your final answer within \boxed{}.
739,svamp_chal_739,Common-Division,1,float_tol,\boxed{1},Brenda's mother made cookies for 5. She prepared 22 cookies but had to throw away 17 cookies. If each of them had the same number of cookies How many did each of them have?  Solve this mathematical problem step-by-step. Put your final answer within \boxed{}.
740,svamp_chal_740,Subtraction,1,float_tol,\boxed{1},There were 6 roses and 20 orchids in the vase. Jessica cut some more roses and orchids from her flower garden. There are now 21 orchids and 22 roses in the vase. How many more roses than orchids are there in the vase now?  Solve this mathematical problem step-by-step. Put your final answer within \boxed{}.
741,svamp_chal_741,Common-Division,1,float_tol,\boxed{20},He had a total of 40 saltwater animals in different aquariums. Each aquarium has 2 animals in it. How many aquariums did he have?  Solve this mathematical problem step-by-step. Put your final answer within \boxed{}.
742,svamp_chal_742,Multiplication,1,float_tol,\boxed{65},Every day Ryan spends 6 hours on learning english and 7 hours on learning chinese. If he learns for 5 days How many hours does he spend on learning english and chinese in all?  Solve this mathematical problem step-by-step. Put your final answer within \boxed{}.
743,svamp_chal_743,Addition,1,float_tol,\boxed{11},Rachel picked 7 apples from her tree. Thereafter 2 new apples grew on the tree. Now the tree has 6 apples still on it. How many apples did the tree have to begin with?  Solve this mathematical problem step-by-step. Put your final answer within \boxed{}.
744,svamp_chal_744,Subtraction,1,float_tol,\boxed{17},There were 8 people on the bus. At the next stop 12 more people got on the bus and 3 people got off. How many people are there on the bus now?  Solve this mathematical problem step-by-step. Put your final answer within \boxed{}.
745,svamp_chal_745,Subtraction,1,float_tol,\boxed{17},Dave had 15 apps and 24 files on his phone. After deleting some apps and files he had 21 apps and 4 files left. How many more apps than files does he have left on the phone?  Solve this mathematical problem step-by-step. Put your final answer within \boxed{}.
746,svamp_chal_746,Addition,1,float_tol,\boxed{190},Baker made 173 cakes. He bought 103 new cakes and sold 86 cakes. How many cakes does baker still have?  Solve this mathematical problem step-by-step. Put your final answer within \boxed{}.
747,svamp_chal_747,Subtraction,1,float_tol,\boxed{2},Mary is baking a cake. The recipe calls for 11 cups of sugar 6 cups of flour and 9 cups of salt. She already put in 12 cups of flour. How many more cups of sugar than cups of salt does she need to add now?  Solve this mathematical problem step-by-step. Put your final answer within \boxed{}.
748,svamp_chal_748,Multiplication,1,float_tol,\boxed{63},Ryan learns english and chinese for 7 days. Every day he spends 4 hours on learning english and 5 hours on learning chinese. How many hours does he spend on learning english and chinese in all?  Solve this mathematical problem step-by-step. Put your final answer within \boxed{}.
749,svamp_chal_749,Subtraction,1,float_tol,\boxed{2},Dan has $ 7. He bought a candy bar for $ 2 and a chocolate for $ 3. How much money is left?  Solve this mathematical problem step-by-step. Put your final answer within \boxed{}.
750,svamp_chal_750,Subtraction,1,float_tol,\boxed{30057},During summer break 61619 kids from Lawrence county stayed home and the rest went to camp. The total number of kids in Lawrence county is 91676. About how many kids in Lawrence county went to camp?  Solve this mathematical problem step-by-step. Put your final answer within \boxed{}.
751,svamp_chal_751,Addition,1,float_tol,\boxed{192},After Jessie started to go jogging everyday she lost 126 kilograms. She currently weighs 66 kilograms. How much did she weigh before starting to jog?  Solve this mathematical problem step-by-step. Put your final answer within \boxed{}.
752,svamp_chal_752,Subtraction,1,float_tol,\boxed{2},Josh had 7 marbles in his collection. He lost 8 marbles and found 10 new ones. How many more marbles did he find than those he lost?  Solve this mathematical problem step-by-step. Put your final answer within \boxed{}.
753,svamp_chal_753,Subtraction,1,float_tol,\boxed{265},Nell collects cards. She had 239 baseball cards and 38 Ace cards. She gave some of her cards to Jeff and now has 376 Ace cards and 111 baseball cards left. How many more Ace cards than baseball cards does Nell have?  Solve this mathematical problem step-by-step. Put your final answer within \boxed{}.
754,svamp_chal_754,Subtraction,1,float_tol,\boxed{298},In a school there are 362 boys and 257 girls. 403 more girls joined the school. How many more girls than boys does the school have?  Solve this mathematical problem step-by-step. Put your final answer within \boxed{}.
755,svamp_chal_755,Addition,1,float_tol,\boxed{728},Paul got a box of some crayons for his birthday. By the end of the school year he had either lost or given away 551 of them and only had 177 left. How many crayons did he get for his birthday?  Solve this mathematical problem step-by-step. Put your final answer within \boxed{}.
756,svamp_chal_756,Common-Division,1,float_tol,\boxed{21},Bryan took a look at his books as well. If he has a total of 42 books and each bookshelf contains 2 books How many bookshelves does he have?  Solve this mathematical problem step-by-step. Put your final answer within \boxed{}.
757,svamp_chal_757,Subtraction,1,float_tol,\boxed{4},Julia played tag with 16 kids on monday. If she played tag with 12 more kids on monday than on tuesday How many kids did she play with on tuesday?  Solve this mathematical problem step-by-step. Put your final answer within \boxed{}.
758,svamp_chal_758,Subtraction,1,float_tol,\boxed{45},He then went to see the oranges being harvested. He found out that they harvest 41 sacks of unripe oranges and 86 sacks of ripe oranges per day. How many more sacks of ripe oranges than unripe oranges are harvested per day?  Solve this mathematical problem step-by-step. Put your final answer within \boxed{}.
759,svamp_chal_759,Subtraction,1,float_tol,\boxed{1},Allan brought 5 balloons. If Allan and Jake brought total of 6 balloons to the park How many balloons did Jake bring to the park?  Solve this mathematical problem step-by-step. Put your final answer within \boxed{}.
760,svamp_chal_760,Multiplication,1,float_tol,\boxed{3168},The ring toss game at the carnival made 144 dollars per day. They were at the carnival for 22 days. How much money did they make?  Solve this mathematical problem step-by-step. Put your final answer within \boxed{}.
761,svamp_chal_761,Multiplication,1,float_tol,\boxed{345},Each basket of peaches has 19 red peaches and 4 green peaches. If there are 15 such baskets How many peaches are in the baskets altogether?  Solve this mathematical problem step-by-step. Put your final answer within \boxed{}.
762,svamp_chal_762,Subtraction,1,float_tol,\boxed{3},Paco had 37 sweet cookies and 11 salty cookies. He ate 5 sweet cookies and 2 salty cookies. How many more sweet cookies than salty cookies did he eat?  Solve this mathematical problem step-by-step. Put your final answer within \boxed{}.
763,svamp_chal_763,Addition,1,float_tol,\boxed{28},Jake has 11 fewer peaches than Steven. If Jake has 17 peaches. How many peaches does Steven have?  Solve this mathematical problem step-by-step. Put your final answer within \boxed{}.
764,svamp_chal_764,Subtraction,1,float_tol,\boxed{77},Paul got a box of 267 crayons for his birthday. During the school year he lost 231 crayons while he gave away 308 crayons to his friends. How many more crayons did he give to his friends than those he lost?  Solve this mathematical problem step-by-step. Put your final answer within \boxed{}.
765,svamp_chal_765,Addition,1,float_tol,\boxed{2226},If the cave is 919 feet deep and they need to travel 1307 feet How far is the end of the cave?  Solve this mathematical problem step-by-step. Put your final answer within \boxed{}.
766,svamp_chal_766,Common-Division,1,float_tol,\boxed{29},There are 203 bananas and 63 oranges in Philip's collection. If the bananas are organized into 7 groups and oranges are organized into 95 groups How big is each group of bananas?  Solve this mathematical problem step-by-step. Put your final answer within \boxed{}.
767,svamp_chal_767,Subtraction,1,float_tol,\boxed{14},Rebecca wants to split a collection of eggs into groups of 5. Rebecca has 20 eggs and 6 marbles. How many more eggs does Rebecca have than marbles?  Solve this mathematical problem step-by-step. Put your final answer within \boxed{}.
768,svamp_chal_768,Subtraction,1,float_tol,\boxed{10},Paige raised 15 goldfish in the pond but stray cats loved eating them. 5 were eaten. How many goldfish remained?  Solve this mathematical problem step-by-step. Put your final answer within \boxed{}.
769,svamp_chal_769,Addition,1,float_tol,\boxed{78},Zachary did 59 push-ups and 44 crunches in gym class today. David did 19 more push-ups but 27 less crunches than zachary. How many push-ups did David do?  Solve this mathematical problem step-by-step. Put your final answer within \boxed{}.
770,svamp_chal_770,Subtraction,1,float_tol,\boxed{14},Dave had 19 apps on his phone. He deleted 5 apps. How many apps are left on his phone?  Solve this mathematical problem step-by-step. Put your final answer within \boxed{}.
771,svamp_chal_771,Subtraction,1,float_tol,\boxed{1},Mary is baking a cake. The recipe calls for 9 cups of sugar 14 cups of flour and 40 cups of salt. She already put in 4 cups of flour. How many more cups of flour than cups of sugar does she need to add now?  Solve this mathematical problem step-by-step. Put your final answer within \boxed{}.
772,svamp_chal_772,Multiplication,1,float_tol,\boxed{2050},He then went to see the oranges being harvested. He found out that they harvest 82 sacks of ripe oranges and 61 sacks of unripe oranges per day. How many sacks of ripe oranges will they have after 25 days of harvest?  Solve this mathematical problem step-by-step. Put your final answer within \boxed{}.
773,svamp_chal_773,Subtraction,1,float_tol,\boxed{7},Jack received 10 emails and 12 letters in the morning. He then received 3 emails and 44 letters in the afternoon. How many more emails did Jack receive in the morning than in the afternoon?  Solve this mathematical problem step-by-step. Put your final answer within \boxed{}.
774,svamp_chal_774,Addition,1,float_tol,\boxed{121},Katie had 62 new games and 80 old games. Her friends had 73 new games and 41 old games. How many old games do they have 3  Solve this mathematical problem step-by-step. Put your final answer within \boxed{}.
775,svamp_chal_775,Addition,1,float_tol,\boxed{21},Together Adam and Jackie have 12 apples. He has 9 apples more than Adam and Jackie together do. Adam has 8 more apples than Jackie. How many apples does He have?  Solve this mathematical problem step-by-step. Put your final answer within \boxed{}.
776,svamp_chal_776,Multiplication,1,float_tol,\boxed{420},He then went to see the oranges being harvested. He found out that they harvest 67 sacks per day and that each sack containes 12 oranges. How many oranges are harvested if they harvest a total of 35 sacks of oranges?  Solve this mathematical problem step-by-step. Put your final answer within \boxed{}.
777,svamp_chal_777,Common-Division,1,float_tol,\boxed{145},There are 87 oranges and 290 bananas in Philip's collection. If the bananas are organized into 2 groups and oranges are organized into 93 groups How big is each group of bananas?  Solve this mathematical problem step-by-step. Put your final answer within \boxed{}.
778,svamp_chal_778,Common-Division,1,float_tol,\boxed{24},There are 384 oranges and 192 bananas in Philip's collection. If the bananas are organized into 345 groups and oranges are organized into 16 groups How big is each group of oranges?  Solve this mathematical problem step-by-step. Put your final answer within \boxed{}.
779,svamp_chal_779,Subtraction,1,float_tol,\boxed{12},David did 27 more push-ups but 7 less crunches than Zachary in gym class today. If Zachary did 5 push-ups and 17 crunches How many more crunches than push-ups did Zachary do?  Solve this mathematical problem step-by-step. Put your final answer within \boxed{}.
780,svamp_chal_780,Multiplication,1,float_tol,\boxed{1012},He also had 74 aquariums for freshwater animals and 22 aquariums for saltwater animals. Each aquarium has 46 animals in it. How many saltwater animals does Tyler have?  Solve this mathematical problem step-by-step. Put your final answer within \boxed{}.
781,svamp_chal_781,Subtraction,1,float_tol,\boxed{31},There were 106 dollars in Olivia's wallet. After she visited a supermarket and a showroom there were 26 dollars left. If she spent 49 dollars at the showroom How much did she spend at the supermarket?  Solve this mathematical problem step-by-step. Put your final answer within \boxed{}.
782,svamp_chal_782,Subtraction,1,float_tol,\boxed{28},"The grasshopper, the frog and the mouse had a jumping contest. The grasshopper jumped 24 inches. The frog jumped 33 inches farther than the grasshopper and the mouse jumped 5 inches lesser than the frog. How much farther did the mouse jump than the grasshopper?  Solve this mathematical problem step-by-step. Put your final answer within \boxed{}."
783,svamp_chal_783,Addition,1,float_tol,\boxed{12},Rachel picked 6 ripe apples from her tree. Now the tree has 2 ripe apples and 4 unripe apples. How many apples did the tree have to begin with?  Solve this mathematical problem step-by-step. Put your final answer within \boxed{}.
784,svamp_chal_784,Common-Division,1,float_tol,\boxed{28},Frank was reading through his favorite book. The book had 392 pages and he read 14 pages per day. How many days did he take to finish the book?  Solve this mathematical problem step-by-step. Put your final answer within \boxed{}.
785,svamp_chal_785,Addition,1,float_tol,\boxed{60},Ed had 24 more marbles than Doug. Doug lost 27 of his marbles at the playground while Ed found 9 more marbles. How many more marbles did Ed have than Doug then?  Solve this mathematical problem step-by-step. Put your final answer within \boxed{}.
786,svamp_chal_786,Common-Division,1,float_tol,\boxed{7},Faye was placing her pencils into rows with 5 pencils in each row. If she had 35 pencils and 7 crayons How many rows could she make?  Solve this mathematical problem step-by-step. Put your final answer within \boxed{}.
787,svamp_chal_787,Subtraction,1,float_tol,\boxed{39},Some children were riding on the bus. At the bus stop 2 more children got on the bus. Then there were 41 children altogether on the bus. How many children were riding on the bus before the bus stop?  Solve this mathematical problem step-by-step. Put your final answer within \boxed{}.
788,svamp_chal_788,Addition,1,float_tol,\boxed{65},Danny has 12 bottle caps in his collection. He found 53 bottle caps at the park. How many bottle caps does he have now?  Solve this mathematical problem step-by-step. Put your final answer within \boxed{}.
789,svamp_chal_789,Subtraction,1,float_tol,\boxed{2},Allan brought 5 balloons and Jake brought 3 balloons to the park. How many more balloons did Allan have than Jake in the park?  Solve this mathematical problem step-by-step. Put your final answer within \boxed{}.
790,svamp_chal_790,Subtraction,1,float_tol,\boxed{11},Winter is almost here and most animals are migrating to warmer countries. There are 8 bird families living near the mountain. If 42 bird families flew away to africa and 31 bird families flew away to asia How many more bird families flew away to africa than those that flew away to asia?  Solve this mathematical problem step-by-step. Put your final answer within \boxed{}.
791,svamp_chal_791,Subtraction,1,float_tol,\boxed{12},Zachary did 46 push-ups and 58 crunches in gym class today. David did 38 more push-ups but 62 less crunches than zachary. How many more crunches than push-ups did Zachary do?  Solve this mathematical problem step-by-step. Put your final answer within \boxed{}.
792,svamp_chal_792,Common-Division,1,float_tol,\boxed{5},The Ferris wheel in paradise park has 4 seats. If 20 people can ride the wheel at the same time How many people can each seat hold?  Solve this mathematical problem step-by-step. Put your final answer within \boxed{}.
793,svamp_chal_793,Addition,1,float_tol,\boxed{15},"Rachel had to complete 2 pages of math homework, 3 pages of reading homework and 10 more pages of biology homework. How many pages did she have to complete in all?  Solve this mathematical problem step-by-step. Put your final answer within \boxed{}."
794,svamp_chal_794,Subtraction,1,float_tol,\boxed{3},For Gwen's birthday she received 3 dollars from her mom. Her dad gave her 6 more dollars. If she spent 4 dollars. How much more money did she receive from her dad than she did from her mom?  Solve this mathematical problem step-by-step. Put your final answer within \boxed{}.
795,svamp_chal_795,Addition,1,float_tol,\boxed{111},Baker made 110 cakes. He sold 75 of them. Then he made 76 more cakes. How many cakes would baker still have?  Solve this mathematical problem step-by-step. Put your final answer within \boxed{}.
796,svamp_chal_796,Subtraction,1,float_tol,\boxed{59},Baker made 61 pastries and 167 cakes. If he sold 108 cakes and 44 pastries How many cakes would baker still have?  Solve this mathematical problem step-by-step. Put your final answer within \boxed{}.
797,svamp_chal_797,Subtraction,1,float_tol,\boxed{14},There are 11 different books and 17 different movies in the ' crazy silly school ' series. If you read 7 of the books and watched 21 of the movies How many more movies than books have you read?  Solve this mathematical problem step-by-step. Put your final answer within \boxed{}.
798,svamp_chal_798,Common-Division,1,float_tol,\boxed{7},A mailman gives 2 junk mails to each house in a block. If the mailman has to give 14 pieces of junk mail to each block. How many houses are there in a block?  Solve this mathematical problem step-by-step. Put your final answer within \boxed{}.
799,svamp_chal_799,Subtraction,1,float_tol,\boxed{9},Ed had 6 more marbles than Doug. Doug lost 7 of his marbles at the playground. If Ed had 22 marbles How many marbles does Doug have now?  Solve this mathematical problem step-by-step. Put your final answer within \boxed{}.
800,svamp_chal_800,Subtraction,1,float_tol,\boxed{3},Dan has $ 2. He bought a candy bar for $ 6 and a chocolate for $ 3. How much money did he spend to buy candy bar than he did to buy chocolate?  Solve this mathematical problem step-by-step. Put your final answer within \boxed{}.
801,svamp_chal_801,Subtraction,1,float_tol,\boxed{5},A waiter had 3 customers. After some left he still had 4 customers. How many more customers stayed behind than those that left?  Solve this mathematical problem step-by-step. Put your final answer within \boxed{}.
802,svamp_chal_802,Addition,1,float_tol,\boxed{22},Julia played tag with 14 kids on tuesday. If she played tag with 8 more kids on monday than on tuesday How many kids did she play with on monday?  Solve this mathematical problem step-by-step. Put your final answer within \boxed{}.
803,svamp_chal_803,Addition,1,float_tol,\boxed{11},Allan brought 5 balloons to the park. If Jake brought 6 more balloons than the number of balloons that Allan brought How many balloons did Jake bring to the park?  Solve this mathematical problem step-by-step. Put your final answer within \boxed{}.
804,svamp_chal_804,Subtraction,1,float_tol,\boxed{2},Jackie has 10 apples. Adam has 8 apples. How many more apples does Jackie have than Adam?  Solve this mathematical problem step-by-step. Put your final answer within \boxed{}.
805,svamp_chal_805,Subtraction,1,float_tol,\boxed{112},Baker made 19 cakes and 131 pastries. If he sold 70 cakes and 88 pastries How many more pastries than cakes did baker make?  Solve this mathematical problem step-by-step. Put your final answer within \boxed{}.
806,svamp_chal_806,Subtraction,1,float_tol,\boxed{2},For Gwen's birthday she received 7 dollars. She spent some money and has 5 dollars left with her. How much money did she spend?  Solve this mathematical problem step-by-step. Put your final answer within \boxed{}.
807,svamp_chal_807,Addition,1,float_tol,\boxed{32},"18 red peaches, 14 yellow peaches and 17 green peaches are in the basket. How many red and yellow peaches are in the basket?  Solve this mathematical problem step-by-step. Put your final answer within \boxed{}."
808,svamp_chal_808,Common-Division,1,float_tol,\boxed{8},Matthew gave equal numbers of crackers and cakes to his 4 friends. If he had 32 crackers and 98 cakes initially How many crackers did each person eat?  Solve this mathematical problem step-by-step. Put your final answer within \boxed{}.
809,svamp_chal_809,Common-Division,1,float_tol,\boxed{4},He then went to see the oranges being harvested. He found out that they harvested 56 sacks of oranges. How many sacks did they harvest per day if they harvested for a total of 14 days?  Solve this mathematical problem step-by-step. Put your final answer within \boxed{}.
810,svamp_chal_810,Addition,1,float_tol,\boxed{20},Adam has 4 more apples than Jackie. Together Adam and Jackie have 14 apples. Bob has 6 apples more than Adam and Jackie together do. How many apples does Bob have?  Solve this mathematical problem step-by-step. Put your final answer within \boxed{}.
811,svamp_chal_811,Addition,1,float_tol,\boxed{21},Mary is baking a cake. The recipe calls for 6 cups of flour and 13 cups of sugar. She already put in some cups of flour. If she still needs 8 more cups of flour than sugar How many more cups of flour does she need to add?  Solve this mathematical problem step-by-step. Put your final answer within \boxed{}.
812,svamp_chal_812,Subtraction,1,float_tol,\boxed{14},Winter is almost here and most animals are migrating to warmer countries. 27 bird families flew away for the winter from near a mountain. If there were 41 bird families living near the mountain initially How many bird families were left near the mountain?  Solve this mathematical problem step-by-step. Put your final answer within \boxed{}.
813,svamp_chal_813,Subtraction,1,float_tol,\boxed{1},Jake has 16 fewer peaches than Steven. Steven has 15 more peaches than Jill. If Jill has 12 peaches How many more peaches does Jill have than Jake?  Solve this mathematical problem step-by-step. Put your final answer within \boxed{}.
814,svamp_chal_814,Subtraction,1,float_tol,\boxed{33},A book has 2 chapters. The first chapter is 60 pages long. If there are a total of 93 pages in the book How many pages are in the second chapter?  Solve this mathematical problem step-by-step. Put your final answer within \boxed{}.
815,svamp_chal_815,Addition,1,float_tol,\boxed{1453},Paul got a box of some crayons for his birthday. During the school year he gave 563 crayons to his friends while he lost 558 crayons. If he only had 332 crayons left How many crayons did he get for his birthday?  Solve this mathematical problem step-by-step. Put your final answer within \boxed{}.
816,svamp_chal_816,Addition,1,float_tol,\boxed{17},At the stop 13 more people got on the bus. Initially there were 4 people on the bus. How many people are there on the bus now?  Solve this mathematical problem step-by-step. Put your final answer within \boxed{}.
817,svamp_chal_817,Subtraction,1,float_tol,\boxed{2},Julia played tag with some kids on monday. She played tag with 14 kids on tuesday. If she played with a total of 16 kids How many kids did she play with on monday?  Solve this mathematical problem step-by-step. Put your final answer within \boxed{}.
818,svamp_chal_818,Subtraction,1,float_tol,\boxed{32},Baker's friend bought 137 cakes from him. If he had made 169 cakes initially How many cakes would baker still have?  Solve this mathematical problem step-by-step. Put your final answer within \boxed{}.
819,svamp_chal_819,Subtraction,1,float_tol,\boxed{3},Jerry had 5 action figures and 9 books on a shelf in his room. Later he added 7 more action figures to the shelf. How many more action figures than books were on his shelf?  Solve this mathematical problem step-by-step. Put your final answer within \boxed{}.
820,svamp_chal_820,Common-Division,1,float_tol,\boxed{7},For 19 weeks of harvest Lewis earns a total of $ 133. How much money does he earn each week?  Solve this mathematical problem step-by-step. Put your final answer within \boxed{}.
821,svamp_chal_821,Addition,1,float_tol,\boxed{242},Paul had some books. After selling 137 in a garage sale he had 105 left. How many books did he have at the start?  Solve this mathematical problem step-by-step. Put your final answer within \boxed{}.
822,svamp_chal_822,Addition,1,float_tol,\boxed{90},Last week Fred had 33 dollars and Jason had 95 dollars. Over the weekend Fred delivered newspapers earning 16 dollars and washed cars earning 74 dollars. How much money did Fred earn over the weekend?  Solve this mathematical problem step-by-step. Put your final answer within \boxed{}.
823,svamp_chal_823,Common-Division,1,float_tol,\boxed{2},If you have 14 cookies in total and 7 bags having equal number of cookies How many cookies does each bag have?  Solve this mathematical problem step-by-step. Put your final answer within \boxed{}.
824,svamp_chal_824,Common-Division,1,float_tol,\boxed{2},Matthew gave equal numbers of crackers to his 18 friends. If he had 36 crackers How many crackers did each person eat?  Solve this mathematical problem step-by-step. Put your final answer within \boxed{}.
825,svamp_chal_825,Subtraction,1,float_tol,\boxed{105},Kelly has 80 nintendo games. She found 31 more nintendo games. How many does she need to give away so that she will have 6 games left?  Solve this mathematical problem step-by-step. Put your final answer within \boxed{}.
826,svamp_chal_826,Subtraction,1,float_tol,\boxed{10},There are 4 different books and 17 different movies in the ' crazy silly school ' series. If you read 19 of the books and watched 7 of the movies How many more movies do you still have to watch?  Solve this mathematical problem step-by-step. Put your final answer within \boxed{}.
827,svamp_chal_827,Subtraction,1,float_tol,\boxed{69},He then went to see the oranges being harvested. He found out that they harvest 5 sacks of ripe oranges and 74 sacks of unripe oranges per day. How many more sacks of unripe oranges than ripe oranges are harvested per day?  Solve this mathematical problem step-by-step. Put your final answer within \boxed{}.
828,svamp_chal_828,Multiplication,1,float_tol,\boxed{527292},Lewis earns $ 368 every week during the 1359 weeks of harvest. If he has to pay $ 388 rent every week How much money does he pay as rent during the harvest season?  Solve this mathematical problem step-by-step. Put your final answer within \boxed{}.
829,svamp_chal_829,Common-Division,1,float_tol,\boxed{1},For the walls of the house he would use 11 nails in all to secure large planks of wood. If each plank needs 3 pieces of nails to be secured and an additional 8 nails were used. How many planks does John need for the house wall?  Solve this mathematical problem step-by-step. Put your final answer within \boxed{}.
830,svamp_chal_830,Subtraction,1,float_tol,\boxed{1},17 red peaches and 16 green peaches are in the basket. How many more red peaches than green peaches are in the basket?  Solve this mathematical problem step-by-step. Put your final answer within \boxed{}.
831,svamp_chal_831,Addition,1,float_tol,\boxed{826},Because of the decision Sofia asked the students to suggest specific types of food. If 324 students suggested adding mashed potatoes 374 suggested adding bacon to the menu and 128 suggested adding tomatoes How many students participated in the suggestion of new food items?  Solve this mathematical problem step-by-step. Put your final answer within \boxed{}.
832,svamp_chal_832,Subtraction,1,float_tol,\boxed{574664},During summer break 202958 kids from Lawrence county go to camp and the other 777622 kids stay home. How many more kids stayed home compared to those who went to the camp?  Solve this mathematical problem step-by-step. Put your final answer within \boxed{}.
833,svamp_chal_833,Subtraction,1,float_tol,\boxed{1},6 birds and 3 storks were sitting on the fence. 2 more storks came to join them. How many more birds than storks are sitting on the fence?  Solve this mathematical problem step-by-step. Put your final answer within \boxed{}.
834,svamp_chal_834,Subtraction,1,float_tol,\boxed{10},There are 22 different books and 10 different movies in the ' crazy silly school ' series. If you read 12 of the books and watched 56 of the movies How many more books do you still have to read?  Solve this mathematical problem step-by-step. Put your final answer within \boxed{}.
835,svamp_chal_835,Addition,1,float_tol,\boxed{16},There were 12 people on the bus. At the next stop 4 more people got on the bus. Each bus can not have more than 36 people. How many people are there on the bus now?  Solve this mathematical problem step-by-step. Put your final answer within \boxed{}.
836,svamp_chal_836,Addition,1,float_tol,\boxed{110},"A grocery store had 57 bottles of regular soda, 26 bottles of diet soda and 27 bottles of lite soda. How many bottles did they have total?  Solve this mathematical problem step-by-step. Put your final answer within \boxed{}."
837,svamp_chal_837,Subtraction,1,float_tol,\boxed{24},Because of the decision Sofia asked 288 students to suggest specific types of food. 264 students suggested adding bacon while others suggested adding mashed potatoes to the menu. How many students suggested mashed potatoes?  Solve this mathematical problem step-by-step. Put your final answer within \boxed{}.
838,svamp_chal_838,Addition,1,float_tol,\boxed{34},Edward spent $ 9. Then he spent $ 8 more. Now he has $ 17. How much did Edward have before he spent his money?  Solve this mathematical problem step-by-step. Put your final answer within \boxed{}.
839,svamp_chal_839,Subtraction,1,float_tol,\boxed{25},Winter is almost here and most animals are migrating to warmer countries. There are 85 bird families living near the mountain. If 23 bird families flew away to africa and 37 bird families flew away to asia How many bird families were left near the mountain?  Solve this mathematical problem step-by-step. Put your final answer within \boxed{}.
840,svamp_chal_840,Addition,1,float_tol,\boxed{946},In a school there are 902 girls and 811 boys. 44 more girls joined the school. How many girls are there in the school now?  Solve this mathematical problem step-by-step. Put your final answer within \boxed{}.
841,svamp_chal_841,Subtraction,1,float_tol,\boxed{5},Dan has $ 4. He bought a chocolate for $ 7 and a candy bar for $ 2. How much money did he spend to buy chocolate than he did to buy candy bar?  Solve this mathematical problem step-by-step. Put your final answer within \boxed{}.
842,svamp_chal_842,Subtraction,1,float_tol,\boxed{2},At the arcade Dave had won 18 tickets. If he used 5 to buy some toys and 11 more to buy some clothes How many tickets did Dave have left?  Solve this mathematical problem step-by-step. Put your final answer within \boxed{}.
843,svamp_chal_843,Common-Division,1,float_tol,\boxed{5},The school is planning a field trip. The school has 24 classrooms. There are 120 students in the school with each classroom having the same number of students. There are 84 seats on each school bus. How many students are in each class?  Solve this mathematical problem step-by-step. Put your final answer within \boxed{}.
844,svamp_chal_844,Common-Division,1,float_tol,\boxed{14},He then went to see the oranges being harvested. He found out that the harvest will go on for 4 days. How many sacks do they harvest per day if they harvested a total of 56 sacks of oranges?  Solve this mathematical problem step-by-step. Put your final answer within \boxed{}.
845,svamp_chal_845,Subtraction,1,float_tol,\boxed{6},There were 21 roses in the vase. Jessica threw away 34 roses from the vase and cut some more new roses from her flower garden to put in the vase. There are now 15 roses in the vase. How many more roses did she throw away than those she cut from her garden?  Solve this mathematical problem step-by-step. Put your final answer within \boxed{}.
846,svamp_chal_846,Subtraction,1,float_tol,\boxed{1},Allan brought 2 balloons and Jake brought 6 balloons to the park. Allan then bought 3 more balloons at the park. How many more balloons did Jake have than Allan in the park?  Solve this mathematical problem step-by-step. Put your final answer within \boxed{}.
847,svamp_chal_847,Multiplication,1,float_tol,\boxed{2080},He then went to see the oranges being harvested. He found out that they harvest 28 sacks of ripe oranges and 52 sacks of unripe oranges per day. How many sacks of oranges will they have after 26 days of harvest?  Solve this mathematical problem step-by-step. Put your final answer within \boxed{}.
848,svamp_chal_848,Addition,1,float_tol,\boxed{10},Together Adam and Jackie have 6 apples. He has 4 apples more than adam and jackie together do. How many apples does he have?  Solve this mathematical problem step-by-step. Put your final answer within \boxed{}.
849,svamp_chal_849,Subtraction,1,float_tol,\boxed{7},"After a typhoon, 2 trees in Haley's backyard died. If she had grown 11 trees initially How many more trees survived the typhoon than those that died?  Solve this mathematical problem step-by-step. Put your final answer within \boxed{}."
850,svamp_chal_850,Addition,1,float_tol,\boxed{9},Allan brought 5 balloons and Jake brought 6 balloons to the park. Jake then bought 3 more balloons at the park. How many balloons did Jake bring to the park?  Solve this mathematical problem step-by-step. Put your final answer within \boxed{}.
851,svamp_chal_851,Multiplication,1,float_tol,\boxed{11346},The Razorback shop makes $ 62 dollars off each t-shirt and $ 99 off each jersey. During the Arkansas and Texas tech game they sold 183 t-shirts and 31 jerseys. How much money did they make from selling the t-shirts?  Solve this mathematical problem step-by-step. Put your final answer within \boxed{}.
852,svamp_chal_852,Subtraction,1,float_tol,\boxed{7},David did 30 more push-ups than Zachary in gym class today. If David did 37 push-ups How many push-ups did Zachary do?  Solve this mathematical problem step-by-step. Put your final answer within \boxed{}.
853,svamp_chal_853,Subtraction,1,float_tol,\boxed{13},Marco and his dad went strawberry picking. Marco's strawberries weighed 30 pounds. If together their strawberries weighed 47 pounds. How much more did his strawberries weigh than his dad's?  Solve this mathematical problem step-by-step. Put your final answer within \boxed{}.
854,svamp_chal_854,Multiplication,1,float_tol,\boxed{96},Faye was placing her pencils and crayons into 16 rows with 6 crayons and 21 pencils in each row. How many crayons does she have?  Solve this mathematical problem step-by-step. Put your final answer within \boxed{}.
855,svamp_chal_855,Addition,1,float_tol,\boxed{11},"Jack received 3 emails in the morning, 4 emails in the afternoon and 8 emails in the evening. How many emails did Jack receive in the morning and evening?  Solve this mathematical problem step-by-step. Put your final answer within \boxed{}."
856,svamp_chal_856,Common-Division,1,float_tol,\boxed{2},Jesse's room is 7 feet long. If she needs a carpet of size 14 square feet What is the width of her room?  Solve this mathematical problem step-by-step. Put your final answer within \boxed{}.
857,svamp_chal_857,Subtraction,1,float_tol,\boxed{99},Debby bought 264 water bottles when they were on sale. If she drank 15 bottles a day for 11 days. How many bottles does she have left?  Solve this mathematical problem step-by-step. Put your final answer within \boxed{}.
858,svamp_chal_858,Subtraction,1,float_tol,\boxed{24},33 campers went rowing in the morning 34 campers went rowing in the afternoon and 10 campers went rowing in the evening. How many more campers went rowing in the afternoon than in the evening?  Solve this mathematical problem step-by-step. Put your final answer within \boxed{}.
859,svamp_chal_859,Multiplication,1,float_tol,\boxed{2436},Bryan took a look at his books and magazines. If he has 23 books and 61 magazines in each of his 29 bookshelves How many books and magazines does he have in total?  Solve this mathematical problem step-by-step. Put your final answer within \boxed{}.
860,svamp_chal_860,Multiplication,1,float_tol,\boxed{210},Faye was placing her pencils and crayons into 7 rows with 36 pencils and 30 crayons in each row. How many crayons does she have?  Solve this mathematical problem step-by-step. Put your final answer within \boxed{}.
861,svamp_chal_861,Subtraction,1,float_tol,\boxed{45},Baker made 7 cakes and 148 pastries. If he sold 15 cakes and 103 pastries How many pastries would baker still have?  Solve this mathematical problem step-by-step. Put your final answer within \boxed{}.
862,svamp_chal_862,Subtraction,1,float_tol,\boxed{1},Robin cut off 13 inches of his hair. If his hair was 14 inches long initially How long is his hair now?  Solve this mathematical problem step-by-step. Put your final answer within \boxed{}.
863,svamp_chal_863,Common-Division,1,float_tol,\boxed{6},"They decided to hold the party in their backyard. They have 2 sets of tables, each having the same number of chairs. If there are a total of 12 chairs in the backyard How many chairs are there for each table?  Solve this mathematical problem step-by-step. Put your final answer within \boxed{}."
864,svamp_chal_864,Common-Division,1,float_tol,\boxed{22},Debby bought 88 water bottles and 13 soda bottles when they were on sale. If she drank 4 water bottles and 87 soda bottles a day How many days would the water bottles last?  Solve this mathematical problem step-by-step. Put your final answer within \boxed{}.
865,svamp_chal_865,Subtraction,1,float_tol,\boxed{14},Last week Fred had 60 dollars and Jason had 19 dollars. Jason washed cars over the weekend and now has 33 dollars. How much money did Jason make washing cars?  Solve this mathematical problem step-by-step. Put your final answer within \boxed{}.
866,svamp_chal_866,Subtraction,1,float_tol,\boxed{109},Paul sold some books in a garage sale leaving him with 27 books. If he had 136 books initially How many books did he sell?  Solve this mathematical problem step-by-step. Put your final answer within \boxed{}.
867,svamp_chal_867,Subtraction,1,float_tol,\boxed{146},Next on his checklist is wax to stick the feathers together. If the feathers require 166 g of wax and right now he has 20 g How many more grams of wax does he need?  Solve this mathematical problem step-by-step. Put your final answer within \boxed{}.
868,svamp_chal_868,Common-Division,1,float_tol,\boxed{2},The bananas in Philip's collection are organized into 196 groups. If there are a total of 392 bananas in Philip's banana collection How big is each group?  Solve this mathematical problem step-by-step. Put your final answer within \boxed{}.
869,svamp_chal_869,Subtraction,1,float_tol,\boxed{3},The grasshopper and the frog had a jumping contest. The grasshopper jumped 9 inches and the frog jumped 12 inches. How much farther did the frog jump than the grasshopper?  Solve this mathematical problem step-by-step. Put your final answer within \boxed{}.
870,svamp_chal_870,Common-Division,1,float_tol,\boxed{2},In Haley's class 13 boys love to play marbles and 50 boys love to play cards. If Haley has 26 marbles How many will each of the boys receive?  Solve this mathematical problem step-by-step. Put your final answer within \boxed{}.
871,svamp_chal_871,Subtraction,1,float_tol,\boxed{10},Steven has 18 peaches. Jake has 12 fewer peaches than Steven who has 8 more peaches than Jill. How many peaches does Jill have?  Solve this mathematical problem step-by-step. Put your final answer within \boxed{}.
872,svamp_chal_872,Multiplication,1,float_tol,\boxed{99},In Haley's class 11 are boys who love to play marbles. If Haley gives 9 marbles to each boy How many marbles did she have?  Solve this mathematical problem step-by-step. Put your final answer within \boxed{}.
873,svamp_chal_873,Subtraction,1,float_tol,\boxed{9},Ed had 30 more marbles than Doug. Ed lost 21 of his marbles at the playground. If Ed had 91 marbles How many more marbles did Ed have than Doug then?  Solve this mathematical problem step-by-step. Put your final answer within \boxed{}.
874,svamp_chal_874,Subtraction,1,float_tol,\boxed{39},A farmer had 105 green tomatoes and 71 red tomatoes in his garden. If he picked 137 tomatoes How many tomatoes are left?  Solve this mathematical problem step-by-step. Put your final answer within \boxed{}.
875,svamp_chal_875,Subtraction,1,float_tol,\boxed{3834},Lewis earns $ 21 every week during the 216 weeks of harvest. If he has to pay $ 702 tax How much money will have at the end of the harvest season?  Solve this mathematical problem step-by-step. Put your final answer within \boxed{}.
876,svamp_chal_876,Subtraction,1,float_tol,\boxed{265},Nell collects baseball cards. She had 566 cards while Jeff had 234 cards. She gave some of her cards to Jeff and now has 535 cards left. How many cards does Jeff have now?  Solve this mathematical problem step-by-step. Put your final answer within \boxed{}.
877,svamp_chal_877,Common-Division,1,float_tol,\boxed{5},Rebecca wants to split a collection of marbles into groups of 4. Rebecca has 10 eggs and 20 marbles. How many groups will be created?  Solve this mathematical problem step-by-step. Put your final answer within \boxed{}.
878,svamp_chal_878,Subtraction,1,float_tol,\boxed{8},Matthew had 31 crackers. He has 23 crackers left after he gave equal numbers of crackers to his 5 friends. How many crackers did Matthew give to his friends?  Solve this mathematical problem step-by-step. Put your final answer within \boxed{}.
879,svamp_chal_879,Multiplication,1,float_tol,\boxed{72},An industrial machine can make 6 shirts a minute. It worked for 5 minutes yesterday and for 12 minutes today. How many shirts did machine make today?  Solve this mathematical problem step-by-step. Put your final answer within \boxed{}.
880,svamp_chal_880,Subtraction,1,float_tol,\boxed{6},Marco and his dad went strawberry picking. Marco's strawberries weighed 10 pounds. If together their strawberries weighed 26 pounds. How much more did his dad's strawberries weigh than his?  Solve this mathematical problem step-by-step. Put your final answer within \boxed{}.
881,svamp_chal_881,Subtraction,1,float_tol,\boxed{3},Rachel picked 4 apples from her tree. If the tree had 7 apples initially. How many apples are still there on the tree?  Solve this mathematical problem step-by-step. Put your final answer within \boxed{}.
882,svamp_chal_882,Subtraction,1,float_tol,\boxed{41},"After making some pies, chef had 2 apples left. Initially he had 43 apples How many apples did he use?  Solve this mathematical problem step-by-step. Put your final answer within \boxed{}."
883,svamp_chal_883,Addition,1,float_tol,\boxed{8},Allan brought 3 balloons and 20 balls while Jake brought 5 balloons and 59 balls to the park. How many balloons did Allan and Jake have in the park?  Solve this mathematical problem step-by-step. Put your final answer within \boxed{}.
884,svamp_chal_884,Subtraction,1,float_tol,\boxed{39},There were 53 dollars in Olivia's wallet. She collected 91 more dollars from an atm. After she visited a supermarket there were 14 dollars left. How much more money did she spend at the supermarket than she collected at the atm?  Solve this mathematical problem step-by-step. Put your final answer within \boxed{}.
885,svamp_chal_885,Common-Division,1,float_tol,\boxed{3},Faye was placing some pencils equally into 2 rows. If she had 6 pencils How many pencils did she place in each row?  Solve this mathematical problem step-by-step. Put your final answer within \boxed{}.
886,svamp_chal_886,Subtraction,1,float_tol,\boxed{10},Julia played tag with 5 kids on monday. She played tag with some more kids on tuesday. If she played with a total of 15 kids How many kids did she play with on tuesday?  Solve this mathematical problem step-by-step. Put your final answer within \boxed{}.
887,svamp_chal_887,Subtraction,1,float_tol,\boxed{44},Danny collects bottle caps. He threw away 6 of the old ones at the park while he found 50 bottle caps new ones. Now he has 60 bottle caps in his collection. How many more bottle caps did danny find at the park than those he threw away?  Solve this mathematical problem step-by-step. Put your final answer within \boxed{}.
888,svamp_chal_888,Subtraction,1,float_tol,\boxed{12},Paco had 36 cookies. He gave 14 cookies to his friend and ate 10 cookies. How many cookies did Paco have left?  Solve this mathematical problem step-by-step. Put your final answer within \boxed{}.
889,svamp_chal_889,Subtraction,1,float_tol,\boxed{45},They decided to hold the party in their backyard. If they have 5 sets of tables and each set has 10 chairs How many more chairs than tables do they have?  Solve this mathematical problem step-by-step. Put your final answer within \boxed{}.
890,svamp_chal_890,Multiplication,1,float_tol,\boxed{208},After resting they decided to go for a swim. The depth of the water is 16 times Ron's height. Dean is 9 feet taller than Ron. If Ron stands at 13 feet How deep was the water?  Solve this mathematical problem step-by-step. Put your final answer within \boxed{}.
891,svamp_chal_891,Subtraction,1,float_tol,\boxed{136},A farmer had 177 tomatoes and 12 potatoes in his garden. If he picked 53 tomatoes How many tomatoes and potatoes does he have left?  Solve this mathematical problem step-by-step. Put your final answer within \boxed{}.
892,svamp_chal_892,Subtraction,1,float_tol,\boxed{1},"7 red peaches, 71 yellow peaches and 8 green peaches are in the basket. How many more green peaches than red peaches are in the basket?  Solve this mathematical problem step-by-step. Put your final answer within \boxed{}."
893,svamp_chal_893,Subtraction,1,float_tol,\boxed{9},52 campers went rowing in the morning. 61 campers went rowing in the afternoon. How many more campers went rowing in the afternoon than in the morning?  Solve this mathematical problem step-by-step. Put your final answer within \boxed{}.
894,svamp_chal_894,Subtraction,1,float_tol,\boxed{1},There were 13 roses and 84 orchids in the vase. Jessica cut some more roses and orchids from her flower garden. There are now 91 orchids and 14 roses in the vase. How many roses did she cut?  Solve this mathematical problem step-by-step. Put your final answer within \boxed{}.
895,svamp_chal_895,Multiplication,1,float_tol,\boxed{8066},Debby bought some water bottles when they were on sale. She drank 109 bottles a day. If the bottles lasted for 74 days How many bottles had she bought?  Solve this mathematical problem step-by-step. Put your final answer within \boxed{}.
896,svamp_chal_896,Common-Division,1,float_tol,\boxed{3},Edward spent $ 6 to buy 2 books each book costing him the same amount of money. Now he has $ 12. How much did each book cost?  Solve this mathematical problem step-by-step. Put your final answer within \boxed{}.
897,svamp_chal_897,Common-Division,1,float_tol,\boxed{7},Robin has 28 packages of gum and 14 packages of candy. There are 6 pieces in each package. How many pieces does Robin have?  Solve this mathematical problem step-by-step. Put your final answer within \boxed{}.
898,svamp_chal_898,Subtraction,1,float_tol,\boxed{6},There are 17 different movies and 11 different books in the ' crazy silly school ' series. If you read 13 of the books and watched 63 of the movies How many more movies than books are there in the ' crazy silly school ' series?  Solve this mathematical problem step-by-step. Put your final answer within \boxed{}.
899,svamp_chal_899,Addition,1,float_tol,\boxed{13},"Jack received 5 emails in the morning, 8 emails in the afternoon and 72 emails in the evening. How many emails did Jack receive in the morning and afternoon?  Solve this mathematical problem step-by-step. Put your final answer within \boxed{}."
900,svamp_chal_900,Subtraction,1,float_tol,\boxed{23},Randy uses 36 blocks to build a tower. If he had 59 blocks How many blocks are left?  Solve this mathematical problem step-by-step. Put your final answer within \boxed{}.
901,svamp_chal_901,Subtraction,1,float_tol,\boxed{3},Marco and his dad went strawberry picking. Together their strawberries weighed 20 pounds. His dad's strawberries weighed 17 pounds. How much did marco's strawberries weigh?  Solve this mathematical problem step-by-step. Put your final answer within \boxed{}.
902,svamp_chal_902,Addition,1,float_tol,\boxed{10},Haley grew 9 trees in her backyard. After a typhoon 4 died. Then she grew 5 more trees. How many trees does she have left?  Solve this mathematical problem step-by-step. Put your final answer within \boxed{}.
903,svamp_chal_903,Subtraction,1,float_tol,\boxed{2},Stray cats loved eating goldfish in the pond leaving 6 goldfish. Paige had raised 8 goldfish in the pond initially. How many goldfish disappeared?  Solve this mathematical problem step-by-step. Put your final answer within \boxed{}.
904,svamp_chal_904,Subtraction,1,float_tol,\boxed{1},Danny collects bottle caps and wrappers. He found 58 bottle caps and 25 wrappers at the park. Now he has 11 wrappers and 12 bottle caps in his collection. How many more bottle caps than wrappers does danny have now?  Solve this mathematical problem step-by-step. Put your final answer within \boxed{}.
905,svamp_chal_905,Subtraction,1,float_tol,\boxed{7},Mary is baking a cake. The recipe calls for 9 cups of flour and 6 cups of sugar. She already put in 4 cups of sugar. How many more cups of flour than cups of sugar does she need to add now?  Solve this mathematical problem step-by-step. Put your final answer within \boxed{}.
906,svamp_chal_906,Common-Division,1,float_tol,\boxed{6},Jesse's room is 2 feet long and 12 feet wide. If each tile is of size 4 square feet How many tiles does she need to cover the whole floor?  Solve this mathematical problem step-by-step. Put your final answer within \boxed{}.
907,svamp_chal_907,Multiplication,1,float_tol,\boxed{156},An industrial machine can make 6 shirts a minute. It worked for 12 minutes yesterday and for 14 shirts today. How many shirts did machine make altogether?  Solve this mathematical problem step-by-step. Put your final answer within \boxed{}.
908,svamp_chal_908,Subtraction,1,float_tol,\boxed{3},Paco had 9 sweet cookies and 6 salty cookies. He ate 36 sweet cookies and 3 salty cookies. How many salty cookies did Paco have left?  Solve this mathematical problem step-by-step. Put your final answer within \boxed{}.
909,svamp_chal_909,Addition,1,float_tol,\boxed{30},Robin cut off 20 inches of his hair. If his hair is now 10 inches long How long was his hair before he cut?  Solve this mathematical problem step-by-step. Put your final answer within \boxed{}.
910,svamp_chal_910,Addition,1,float_tol,\boxed{53},"The grasshopper, the frog and the mouse had a jumping contest. The grasshopper jumped 36 inches. The frog jumped 17 inches farther than the grasshopper and the mouse jumped 15 inches farther than the frog. How far did the frog jump?  Solve this mathematical problem step-by-step. Put your final answer within \boxed{}."
911,svamp_chal_911,Multiplication,1,float_tol,\boxed{112},Robin has 28 packages of gum and 13 packages of candy. There are 4 pieces in each package. How many pieces of gum does Robin have?  Solve this mathematical problem step-by-step. Put your final answer within \boxed{}.
912,svamp_chal_912,Subtraction,1,float_tol,\boxed{11},Baker made 157 cakes and 169 pastries. If he sold 158 cakes and 147 pastries How many more cakes than pastries did baker sell?  Solve this mathematical problem step-by-step. Put your final answer within \boxed{}.
913,svamp_chal_913,Subtraction,1,float_tol,\boxed{1455},In a school there are 868 girls and the rest are boys. If there are 281 more girls than boys How many pupils are there in that school?  Solve this mathematical problem step-by-step. Put your final answer within \boxed{}.
914,svamp_chal_914,Subtraction,1,float_tol,\boxed{53},David did 51 push-ups in gym class today. David did 49 more push-ups than Zachary. How many push-ups did Zachary and David do altogether?  Solve this mathematical problem step-by-step. Put your final answer within \boxed{}.
915,svamp_chal_915,Subtraction,1,float_tol,\boxed{73},Winter is almost here and most animals are migrating to warmer countries. There were 87 bird families living near the mountain. If 7 bird families flew away for winter How many more bird families stayed behind than those that flew away for the winter?  Solve this mathematical problem step-by-step. Put your final answer within \boxed{}.
916,svamp_chal_916,Subtraction,1,float_tol,\boxed{253},A school has 485 pupils. There are 232 girls and the rest are boys. How many boys are there in that school?  Solve this mathematical problem step-by-step. Put your final answer within \boxed{}.
917,svamp_chal_917,Subtraction,1,float_tol,\boxed{123},Baker made 134 pastries and 11 cakes. If he sold 140 cakes and 92 pastries How many more pastries than cakes did baker make?  Solve this mathematical problem step-by-step. Put your final answer within \boxed{}.
918,svamp_chal_918,Subtraction,1,float_tol,\boxed{276},Nell collects baseball cards. She had 528 cards while Jeff had 11 cards. She gave some of her cards to jeff and now has 252 cards left. How many cards did Nell give to Jeff?  Solve this mathematical problem step-by-step. Put your final answer within \boxed{}.
919,svamp_chal_919,Common-Division,1,float_tol,\boxed{10},The school is planning a field trip. The school has 66 classrooms. There are 102 students in the school and 8 seats on each school bus. If 22 students do n't want to go for the trip How many buses are needed to take the trip?  Solve this mathematical problem step-by-step. Put your final answer within \boxed{}.
920,svamp_chal_920,Common-Division,1,float_tol,\boxed{2},4 people can ride the Ferris wheel in paradise park at the same time. If each seat on the Ferris wheel can hold 2 people How many seats does the Ferris wheel have?  Solve this mathematical problem step-by-step. Put your final answer within \boxed{}.
921,svamp_chal_921,Subtraction,1,float_tol,\boxed{7},Dave had 24 apps and 9 files on his phone. After deleting some apps and files he had 5 files and 12 apps left. How many more apps than files does he have left on the phone?  Solve this mathematical problem step-by-step. Put your final answer within \boxed{}.
922,svamp_chal_922,Subtraction,1,float_tol,\boxed{5},44 campers went rowing in the morning 39 campers went rowing in the afternoon and 31 campers went rowing in the evening. How many more campers went rowing in the morning than in the afternoon?  Solve this mathematical problem step-by-step. Put your final answer within \boxed{}.
923,svamp_chal_923,Common-Division,1,float_tol,\boxed{198},"Frank was reading through his favorite book. The book had 3 chapters, each with the same number of pages. It has a total of 594 pages. It took Frank 607 days to finish the book. How many pages are in each chapter?  Solve this mathematical problem step-by-step. Put your final answer within \boxed{}."
924,svamp_chal_924,Subtraction,1,float_tol,\boxed{62},Jesse has 18 square feet of carpet. If her room is 4 feet long and 20 feet wide How much more carpet does she need to cover the whole floor?  Solve this mathematical problem step-by-step. Put your final answer within \boxed{}.
925,svamp_chal_925,Addition,1,float_tol,\boxed{21},There are many different books in the ' crazy silly school ' series. If you have read 13 of the books and are yet to read 8 books How many books are there in the ' crazy silly school ' series?  Solve this mathematical problem step-by-step. Put your final answer within \boxed{}.
926,svamp_chal_926,Subtraction,1,float_tol,\boxed{123},Nell collects cards. She had 438 baseball cards and 18 Ace cards. She gave some of her cards to Jeff and now has 55 Ace cards and 178 baseball cards left. How many more baseball cards than Ace cards does Nell have?  Solve this mathematical problem step-by-step. Put your final answer within \boxed{}.
927,svamp_chal_927,Subtraction,1,float_tol,\boxed{7},Matthew had 24 crackers. If Matthew gave equal numbers of crackers to his 3 friends and still had 17 crackers left How many crackers did Matthew give to his friends?  Solve this mathematical problem step-by-step. Put your final answer within \boxed{}.
928,svamp_chal_928,Addition,1,float_tol,\boxed{41},"The grasshopper, the frog and the mouse had a jumping contest. The grasshopper jumped 21 inches. The grasshopper jumped 25 inches farther than the frog and the mouse jumped 16 inches lesser than the frog. How much farther did the grasshopper jump than the mouse?  Solve this mathematical problem step-by-step. Put your final answer within \boxed{}."
929,svamp_chal_929,Subtraction,1,float_tol,\boxed{49},They decided to hold the party in their backyard. They have 10 sets of tables and each set has 6 chairs. If there are 11 people sitting on chairs How many chairs are left unoccupied?  Solve this mathematical problem step-by-step. Put your final answer within \boxed{}.
930,svamp_chal_930,Addition,1,float_tol,\boxed{1791},"After eating a hearty meal they went to see the Buckingham palace. There, Rachel learned that 512 visitors came to the Buckingham palace that day. If there were 471 visitors the previous day and 808 visitors the day before that How many visited the Buckingham palace within the past 89 days?  Solve this mathematical problem step-by-step. Put your final answer within \boxed{}."
931,svamp_chal_931,Subtraction,1,float_tol,\boxed{19},He then went to see the oranges being harvested. He found out that they harvest 44 sacks of ripe oranges and 25 sacks of unripe oranges per day. How many more sacks of ripe oranges than unripe oranges are harvested per day?  Solve this mathematical problem step-by-step. Put your final answer within \boxed{}.
932,svamp_chal_932,Multiplication,1,float_tol,\boxed{3021},White t - shirts can be purchased in packages of 53. If mom buys 57 packages of white t - shirts and 34 trousers How many white t - shirts will she have?  Solve this mathematical problem step-by-step. Put your final answer within \boxed{}.
933,svamp_chal_933,Subtraction,1,float_tol,\boxed{94},Paul had 2 books. After selling some in a garage sale he bought 150 new ones. If he has 58 books now How many books did he sell?  Solve this mathematical problem step-by-step. Put your final answer within \boxed{}.
934,svamp_chal_934,Subtraction,1,float_tol,\boxed{1},6 storks and 2 birds were sitting on the fence. 3 more birds came to join them. How many more storks than birds are sitting on the fence?  Solve this mathematical problem step-by-step. Put your final answer within \boxed{}.
935,svamp_chal_935,Multiplication,1,float_tol,\boxed{621},Bryan took a look at his books and magazines. If he has 27 books and 80 magazines in each of his 23 bookshelves How many books does he have in total?  Solve this mathematical problem step-by-step. Put your final answer within \boxed{}.
936,svamp_chal_936,Subtraction,1,float_tol,\boxed{353},Paul got a box of 531 crayons and 38 erasers for his birthday. At the end of the school year he only had 391 left while not having lost a single erasers. How many more crayons than erasers did he have left?  Solve this mathematical problem step-by-step. Put your final answer within \boxed{}.
937,svamp_chal_937,Common-Division,1,float_tol,\boxed{76},Lewis earns a total of $ 1216 during the harvest. If he earns $ 16 each week How many weeks did the harvest last?  Solve this mathematical problem step-by-step. Put your final answer within \boxed{}.
938,svamp_chal_938,Subtraction,1,float_tol,\boxed{17},Dave had 10 apps on his phone. He added 11 new apps. After deleting some he had 4 left. How many apps did he delete?  Solve this mathematical problem step-by-step. Put your final answer within \boxed{}.
939,svamp_chal_939,Common-Division,1,float_tol,\boxed{33},The ring toss game at the carnival made the same amount of money each day. In total in 5 days they earned 165 dollars. How much did they make per day?  Solve this mathematical problem step-by-step. Put your final answer within \boxed{}.
940,svamp_chal_940,Subtraction,1,float_tol,\boxed{10},There were 5 roses and 3 orchids in the vase. Jessica cut some more roses and orchids from her flower garden. There are now 12 roses and 2 orchids in the vase. How many more roses than orchids are there in the vase now?  Solve this mathematical problem step-by-step. Put your final answer within \boxed{}.
941,svamp_chal_941,Common-Division,1,float_tol,\boxed{2},The Ferris wheel in paradise park has some seats. Each seat can hold 9 people. If 18 people can ride the wheel at the same time How many seats does the Ferris wheel have?  Solve this mathematical problem step-by-step. Put your final answer within \boxed{}.
942,svamp_chal_942,Addition,1,float_tol,\boxed{23},Dave had some apps on his phone. After deleting 18 of them he had 5 left. How many apps did he have on his phone at the start?  Solve this mathematical problem step-by-step. Put your final answer within \boxed{}.
943,svamp_chal_943,Subtraction,1,float_tol,\boxed{1},There are 14 different movies and 15 different books in the ' crazy silly school ' series. If you read 11 of the books and watched 40 of the movies How many more books than movies are there in the ' crazy silly school ' series?  Solve this mathematical problem step-by-step. Put your final answer within \boxed{}.
944,svamp_chal_944,Subtraction,1,float_tol,\boxed{3},Randy has 86 blocks. He uses 79 blocks to build a tower and 82 blocks to build a house. How many more blocks did he use to build the house than he did to build the tower?  Solve this mathematical problem step-by-step. Put your final answer within \boxed{}.
945,svamp_chal_945,Common-Division,1,float_tol,\boxed{14},With 28 dollars 2 packs of dvds can be bought. How much does each pack cost?  Solve this mathematical problem step-by-step. Put your final answer within \boxed{}.
946,svamp_chal_946,Subtraction,1,float_tol,\boxed{26},Last week Fred had 78 dollars and Jason had 31 dollars. Jason delivered newspapers and now has 57 dollars. Fred washed cars over the weekend and now has 90 dollars. How much money did Jason earn by delivering newspapers?  Solve this mathematical problem step-by-step. Put your final answer within \boxed{}.
947,svamp_chal_947,Subtraction,1,float_tol,\boxed{14},Josh had 15 marbles in his collection. He found 9 marbles while he lost 23 marbles. How many more marbles did he lose than those he found?  Solve this mathematical problem step-by-step. Put your final answer within \boxed{}.
948,svamp_chal_948,Subtraction,1,float_tol,\boxed{1},Jack received 4 emails in the morning and some more in the afternoon. If he received a total of 5 emails in the day How many emails did Jack receive in the afternoon?  Solve this mathematical problem step-by-step. Put your final answer within \boxed{}.
949,svamp_chal_949,Multiplication,1,float_tol,\boxed{22922},Luke gained 146 points in each round of a game. If he played 157 rounds of a trivia game How many points did he score in the game?  Solve this mathematical problem step-by-step. Put your final answer within \boxed{}.
950,svamp_chal_950,Subtraction,1,float_tol,\boxed{7},There were some roses in the vase. Jessica cut 16 more roses from her flower garden and put them in the vase. There are now 23 roses in the vase. How many roses were there in the vase at the beginning?  Solve this mathematical problem step-by-step. Put your final answer within \boxed{}.
951,svamp_chal_951,Addition,1,float_tol,\boxed{58},"The grasshopper, the frog and the mouse had a jumping contest. The grasshopper jumped 19 inches. The frog jumped 39 inches farther than the grasshopper and the mouse jumped 94 inches lesser than the frog. How far did the frog jump?  Solve this mathematical problem step-by-step. Put your final answer within \boxed{}."
952,svamp_chal_952,Addition,1,float_tol,\boxed{16},Adam has 5 more apples than Jackie. Jackie has 89 oranges and 11 apples. How many apples does Adam have?  Solve this mathematical problem step-by-step. Put your final answer within \boxed{}.
953,svamp_chal_953,Subtraction,1,float_tol,\boxed{274},"After eating a hearty meal they went to see the Buckingham palace. There, Rachel learned that 132 visitors came to the Buckingham palace that day. If 406 people visited the Buckingham palace within the past 327 days How many visitors visited the Buckingham palace on the previous day?  Solve this mathematical problem step-by-step. Put your final answer within \boxed{}."
954,svamp_chal_954,Subtraction,1,float_tol,\boxed{3},29 campers went rowing and 66 campers went hiking in the morning. 26 campers went rowing in the afternoon. How many more campers went rowing in the morning than in the afternoon?  Solve this mathematical problem step-by-step. Put your final answer within \boxed{}.
955,svamp_chal_955,Subtraction,1,float_tol,\boxed{1},Dave had 17 apps on his phone. After adding some he had 18 left. How many apps did he add?  Solve this mathematical problem step-by-step. Put your final answer within \boxed{}.
956,svamp_chal_956,Subtraction,1,float_tol,\boxed{347},There were 174 parents in the program and 521 pupils too. How many more pupils were present compared to parents in the program?  Solve this mathematical problem step-by-step. Put your final answer within \boxed{}.
957,svamp_chal_957,Addition,1,float_tol,\boxed{54},Paco ate 19 cookies and had 35 cookies left. How many cookies did he have in the beginning?  Solve this mathematical problem step-by-step. Put your final answer within \boxed{}.
958,svamp_chal_958,Common-Division,1,float_tol,\boxed{7},If each bag has 3 cookies and you had 21 cookies in total How many bags of cookies do you have?  Solve this mathematical problem step-by-step. Put your final answer within \boxed{}.
959,svamp_chal_959,Subtraction,1,float_tol,\boxed{8},"The grasshopper, the frog and the mouse had a jumping contest. The grasshopper jumped 39 inches. The grasshopper jumped 19 inches farther than the frog and the mouse jumped 12 inches lesser than the frog. How far did the mouse jump?  Solve this mathematical problem step-by-step. Put your final answer within \boxed{}."
960,svamp_chal_960,Common-Division,1,float_tol,\boxed{15},"Being his favorite, he saved checking on the grapevines for his last stop. He was told by 94 of the pickers that they fill 90 drums of grapes in 6 days. How many drums of grapes would be filled per day?  Solve this mathematical problem step-by-step. Put your final answer within \boxed{}."
961,svamp_chal_961,Addition,1,float_tol,\boxed{92},Katie had 84 new games and 19 old games. Her friends had 8 new games and 69 old games. How many new games do they have together?  Solve this mathematical problem step-by-step. Put your final answer within \boxed{}.
962,svamp_chal_962,Multiplication,1,float_tol,\boxed{6264},"Being his favorite, he saved checking on the grapevines after 57 stops. He was told by 252 of the pickers that they fill 108 drums of grapes per day. How many drums of grapes would be filled in 58 days?  Solve this mathematical problem step-by-step. Put your final answer within \boxed{}."
963,svamp_chal_963,Subtraction,1,float_tol,\boxed{784},"After eating a hearty meal they went to see the Buckingham palace. There, Rachel learned that 45 visitors came to the Buckingham palace on the previous day. If 829 people visited the Buckingham palace within the past 85 days How many visitors visited the Buckingham palace on that day?  Solve this mathematical problem step-by-step. Put your final answer within \boxed{}."
964,svamp_chal_964,Subtraction,1,float_tol,\boxed{1},Adam has 9 apples. Jackie has 10 apples. How many more apples does Jackie have than Adam?  Solve this mathematical problem step-by-step. Put your final answer within \boxed{}.
965,svamp_chal_965,Subtraction,1,float_tol,\boxed{2},There are 2 baskets of peaches. Each basket has 4 red peaches and some more green peaches. If there are a total of 12 peaches in all baskets How many green peaches are in each basket?  Solve this mathematical problem step-by-step. Put your final answer within \boxed{}.
966,svamp_chal_966,Subtraction,1,float_tol,\boxed{1},"A chef had 40 apples and 54 peaches. After making some pies, he had 39 apples left. How many apples did he use?  Solve this mathematical problem step-by-step. Put your final answer within \boxed{}."
967,svamp_chal_967,Common-Division,1,float_tol,\boxed{2},A mailman has to give 38 pieces of junk mail to each of the 78 blocks. If there are 19 houses on a block How many pieces of junk mail should he give each house?  Solve this mathematical problem step-by-step. Put your final answer within \boxed{}.
968,svamp_chal_968,Subtraction,1,float_tol,\boxed{1},Mary is baking a cake. The recipe calls for 10 cups of flour 2 cups of sugar and 80 cups of salt. She already put in 7 cups of flour. How many more cups of flour than cups of sugar does she need to add now?  Solve this mathematical problem step-by-step. Put your final answer within \boxed{}.
969,svamp_chal_969,Addition,1,float_tol,\boxed{38},Julia played tag with 13 kids on monday and 10 kids on tuesday. She played cards with 15 kids on wednesday. How many kids did she play with altogether?  Solve this mathematical problem step-by-step. Put your final answer within \boxed{}.
970,svamp_chal_970,Common-Division,1,float_tol,\boxed{2},Jesse needs a carpet of size 10 square feet to cover her room. If her room is 5 feet long What is the width of her room?  Solve this mathematical problem step-by-step. Put your final answer within \boxed{}.
971,svamp_chal_971,Common-Division,1,float_tol,\boxed{57},There are 4502 skittles in Steven's skittles collection. Steven also has 4276 erasers. If the skittles and erasers are organized into 154 groups How big is each group?  Solve this mathematical problem step-by-step. Put your final answer within \boxed{}.
972,svamp_chal_972,Multiplication,1,float_tol,\boxed{1088},A mailman has to give 4 pieces of junk mail to each house in each of the 16 blocks. If there are 17 houses in each block How many pieces of junk mail should he give in total?  Solve this mathematical problem step-by-step. Put your final answer within \boxed{}.
973,svamp_chal_973,Subtraction,1,float_tol,\boxed{32},A book has 3 chapters. The first chapter is 53 pages long the second chapter is 75 pages long and the third chapter is 21 pages long. How many more pages does the first chapter have than the third chapter?  Solve this mathematical problem step-by-step. Put your final answer within \boxed{}.
974,svamp_chal_974,Subtraction,1,float_tol,\boxed{3},Dave had 21 apps on his phone. He added 89 new apps. After deleting some he had 24 left. How many more apps did he add than he deleted?  Solve this mathematical problem step-by-step. Put your final answer within \boxed{}.
975,svamp_chal_975,Subtraction,1,float_tol,\boxed{4},Bobby ate 17 pieces of candy. Then he ate 15 more. If he initially had 36 pieces of candy How many pieces of candy does he still have left?  Solve this mathematical problem step-by-step. Put your final answer within \boxed{}.
976,svamp_chal_976,Addition,1,float_tol,\boxed{34},Winter is almost here and most animals are migrating to warmer countries. There are some bird families living near the mountain. 20 bird families flew away for winter while 14 bird families stayed behind. How many bird families were living near the mountain at the start?  Solve this mathematical problem step-by-step. Put your final answer within \boxed{}.
977,svamp_chal_977,Common-Division,1,float_tol,\boxed{41},Frank was reading through some books. Each book had 66 pages and it took Frank 12 days to finish each book. If he takes 492 days to finish all books How many books did he read?  Solve this mathematical problem step-by-step. Put your final answer within \boxed{}.
978,svamp_chal_978,Subtraction,1,float_tol,\boxed{25},David did 36 more push-ups but 33 less crunches than Zachary in gym class today. If Zachary did 58 push-ups and 33 crunches How many more push-ups than crunches did Zachary do?  Solve this mathematical problem step-by-step. Put your final answer within \boxed{}.
979,svamp_chal_979,Subtraction,1,float_tol,\boxed{7},Rebecca wants to split a collection of eggs into groups of 20. Rebecca has 5 marbles and 12 eggs. How many more eggs does Rebecca have than marbles?  Solve this mathematical problem step-by-step. Put your final answer within \boxed{}.
980,svamp_chal_980,Subtraction,1,float_tol,\boxed{127},Baker made 81 cakes. Then he made 92 more cakes. He sold 46 of them. How many more cakes did baker make than those he sold?  Solve this mathematical problem step-by-step. Put your final answer within \boxed{}.
981,svamp_chal_981,Subtraction,1,float_tol,\boxed{5},10 red peaches and some more green peaches are in the basket. If there are a total of 15 peaches in the basket How many green peaches are in the basket?  Solve this mathematical problem step-by-step. Put your final answer within \boxed{}.
982,svamp_chal_982,Subtraction,1,float_tol,\boxed{23},62 campers went rowing in the morning. 39 campers went rowing in the afternoon. How many more campers went rowing in the morning than in the afternoon?  Solve this mathematical problem step-by-step. Put your final answer within \boxed{}.
983,svamp_chal_983,Addition,1,float_tol,\boxed{1396},In a school there are 315 girls and 309 boys. There are also 772 teachers How many people are there in that school?  Solve this mathematical problem step-by-step. Put your final answer within \boxed{}.
984,svamp_chal_984,Common-Division,1,float_tol,\boxed{2},In Haley's class some boys love to play marbles. If Haley has 10 marbles and she gave 5 marbles to each boy How many boys did she give the marbles to?  Solve this mathematical problem step-by-step. Put your final answer within \boxed{}.
985,svamp_chal_985,Multiplication,1,float_tol,\boxed{1054997},Lewis earns $ 28 every week during the 1091 weeks of harvest. He also earns $ 939 per week for working overtime. If he works overtime every week How much money does he earn during harvest season?  Solve this mathematical problem step-by-step. Put your final answer within \boxed{}.
986,svamp_chal_986,Subtraction,1,float_tol,\boxed{8},"Rachel had to complete 11 pages of math homework, 2 pages of reading homework and 3 more pages of biology homework. How many more pages of math homework than biology homework did she have?  Solve this mathematical problem step-by-step. Put your final answer within \boxed{}."
987,svamp_chal_987,Subtraction,1,float_tol,\boxed{6},Adam has 3 more apples than jackie. Adam has 9 apples. How many apples does Jackie have?  Solve this mathematical problem step-by-step. Put your final answer within \boxed{}.
988,svamp_chal_988,Addition,1,float_tol,\boxed{5},Rachel picked 3 ripe apples from her tree. Now the tree has 2 ripe apples and 27 unripe apples. How many ripe apples did the tree have to begin with?  Solve this mathematical problem step-by-step. Put your final answer within \boxed{}.
989,svamp_chal_989,Multiplication,1,float_tol,\boxed{15089},Melissa scored 109 points in each game. She also got 82 bonus points in each game. How many points did she score in 79 games?  Solve this mathematical problem step-by-step. Put your final answer within \boxed{}.
990,svamp_chal_990,Subtraction,1,float_tol,\boxed{3},"Rachel had to complete 4 pages of reading homework, 7 pages of math homework and 19 more pages of biology homework. How many more pages of math homework than reading homework did she have?  Solve this mathematical problem step-by-step. Put your final answer within \boxed{}."
991,svamp_chal_991,Multiplication,1,float_tol,\boxed{81},After resting they decided to go for a swim. The depth of the water is 9 times Dean's height. If Ron is 15 feet tall and Dean is 6 feet shorter than Ron How deep was the water?  Solve this mathematical problem step-by-step. Put your final answer within \boxed{}.
992,svamp_chal_992,Addition,1,float_tol,\boxed{626},In a school there are 308 girls and 318 boys. There are also 36 teachers How many pupils are there in that school?  Solve this mathematical problem step-by-step. Put your final answer within \boxed{}.
993,svamp_chal_993,Subtraction,1,float_tol,\boxed{6},Friends of Katie had 57 games and she had 63 ds games. How many more games does Katie have than her friends?  Solve this mathematical problem step-by-step. Put your final answer within \boxed{}.
994,svamp_chal_994,Common-Division,1,float_tol,\boxed{42},Luke scored 84 points after playing 2 rounds of a trivia game. If he gained the same number of points each round How many points did he score per round?  Solve this mathematical problem step-by-step. Put your final answer within \boxed{}.
995,svamp_chal_995,Subtraction,1,float_tol,\boxed{331},Next on his checklist is wax to stick the feathers together and colors to paint them. He needs a total of 57 g of colors to paint them. He needs 22 g of wax more. If the feathers require a total of 353 g of wax How many grams of wax does he already have?  Solve this mathematical problem step-by-step. Put your final answer within \boxed{}.
996,svamp_chal_996,Common-Division,1,float_tol,\boxed{3},Paige was helping her mom plant flowers and together they planted 36 seeds. They put 12 seeds in each flower bed and only 58 seeds grew into flowers in each flower bed. How many flower beds did they have?  Solve this mathematical problem step-by-step. Put your final answer within \boxed{}.
997,svamp_chal_997,Subtraction,1,float_tol,\boxed{56},"At the zoo, a cage had 3 snakes and 75 alligators. If 82 snakes and 19 alligators were hiding How many alligators were not hiding?  Solve this mathematical problem step-by-step. Put your final answer within \boxed{}."
998,svamp_chal_998,Multiplication,1,float_tol,\boxed{220},Paige was helping her mom plant flowers and together they planted 55 seeds. They put 15 seeds in each flower bed and only 60 seeds grew into flowers in each flower bed. How many flowers did they grow?  Solve this mathematical problem step-by-step. Put your final answer within \boxed{}.
999,svamp_chal_999,Subtraction,1,float_tol,\boxed{3},Mary is baking a cake. The recipe calls for 7 cups of sugar and 10 cups of flour. She already put in 4 cups of sugar. How many more cups of sugar does she need to add?  Solve this mathematical problem step-by-step. Put your final answer within \boxed{}.
1000,svamp_chal_1000,Subtraction,1,float_tol,\boxed{11},The grasshopper and the frog had a jumping contest. The grasshopper jumped 13 inches. The grasshopper jumped 2 inches farther than the grasshopper. How far did the frog jump?  Solve this mathematical problem step-by-step. Put your final answer within \boxed{}.
